Name,Price,Overview,Quality Report
2021 Tata Nexon XZ Plus (S),"₹ 5,84,800","Car Overview
Make Year
Jan 2021
Registration Year
Feb 2021
Fuel Type
Petrol
Km driven
99K km
Transmission
Manual (Regular)
No. of Owner
1st Owner
Insurance Validity
Jan 2027
Insurance Type
Comprehensive
RTO
TS07
Car Location
Uppal, Hyderabad","Quality report
1573 parts evaluated by 5 automotive experts
Meter not tampered
Non-flooded
Core structure intact
Core systems
Engine, transmission & chassis
9.5
Excellent
Supporting systems
Fuel supply, ignition & other systems
9.3
Excellent
Interiors & AC
Seats, AC, audio & other features
8.0
Good
Exteriors & lights
Panels, glasses, lights & fixtures
8.8
Good
Wear & tear parts
Tyres, clutch, brakes & more
8.7
Good
View full report
Next service due after 12 months or 15,000 km
(whichever comes first post delivery)"
2021 Tata Nexon XZA Plus (S) Diesel*,"₹ 5,98,400","Car Overview
*Note:   Make & registration years are different.
Make Year
Oct 2020
Registration Year
Jan 2021
Fuel Type
Diesel (BSVI)
Km driven
63K km
Transmission
Automatic (AMT)
No. of Owner
3rd Owner
Insurance Validity
Apr 2027
Insurance Type
Third Party
RTO
TS09
Car Location
Uppal, Hyderabad","Quality report
1432 parts evaluated by 5 automotive experts
Meter not tampered
Non-flooded
Core structure intact
Core systems
Engine, transmission & chassis
9.7
Excellent
Supporting systems
Fuel supply, ignition & other systems
9.5
Excellent
Interiors & AC
Seats, AC, audio & other features
8.8
Good
Exteriors & lights
Panels, glasses, lights & fixtures
7.7
Fair
Imperfections on glasses & mirrors but no impact on visibility
Comes with ₹23,000 lower price tag because of it
Wear & tear parts
Tyres, clutch, brakes & more
8.6
Good
View full report
Next service due after 12 months or 15,000 km
(whichever comes first post delivery)"
2019 Hyundai Venue SX Plus 1.0 Turbo DCT,"₹ 6,18,400","Car Overview
Make Year
Sep 2019
Registration Year
Oct 2019
Fuel Type
Petrol (BSIV)
Km driven
66K km
Transmission
Automatic (DCT)
No. of Owner
1st Owner
Insurance Validity
Sep 2026
Insurance Type
Comprehensive
RTO
TS12
Car Location
Uppal, Hyderabad","Quality report
1452 parts evaluated by 5 automotive experts
Meter not tampered
Non-flooded
Core structure intact
Core systems
Engine, transmission & chassis
9.8
Excellent
Supporting systems
Fuel supply, ignition & other systems
9.5
Excellent
Interiors & AC
Seats, AC, audio & other features
7.8
Fair
Few flaws in ac, cooling remains reliable
Comes with ₹20,000 lower price tag because of it
Exteriors & lights
Panels, glasses, lights & fixtures
8.1
Good
Wear & tear parts
Tyres, clutch, brakes & more
8.0
Good
View full report
No immediate servicing required
(Inquire at test drive for more details)"
2024 Tata Punch Creative AMT*,"₹ 6,54,400","Car Overview
*Note:   Make & registration years are different.
Make Year
May 2023
Registration Year
Jan 2024
Fuel Type
Petrol
Km driven
8K km
Transmission
Automatic (AMT)
No. of Owner
1st Owner
Insurance Validity
Apr 2027
Insurance Type
Third Party
RTO
TS09
Car Location
Uppal, Hyderabad","Quality report
1452 parts evaluated by 5 automotive experts
Meter not tampered
Non-flooded
Core structure intact
Core systems
Engine, transmission & chassis
10.0
Excellent
Supporting systems
Fuel supply, ignition & other systems
9.8
Excellent
Interiors & AC
Seats, AC, audio & other features
9.5
Excellent
Exteriors & lights
Panels, glasses, lights & fixtures
9.6
Excellent
Wear & tear parts
Tyres, clutch, brakes & more
9.1
Excellent
View full report
Next service due after 12 months or 15,000 km
(whichever comes first post delivery)"
2022 Tata Safari XT Plus,"₹ 10,91,200","Car Overview
Make Year
Jan 2022
Registration Year
Feb 2022
Fuel Type
Diesel (BSVI)
Km driven
64K km
Transmission
Manual (Regular)
No. of Owner
2nd Owner
Insurance Validity
Mar 2027
Insurance Type
Comprehensive
RTO
TS09
Car Location
Kukatpally, Hyderabad","Quality report
1576 parts evaluated by 5 automotive experts
Meter not tampered
Non-flooded
Core structure intact
Core systems
Engine, transmission & chassis
9.7
Excellent
Supporting systems
Fuel supply, ignition & other systems
9.6
Excellent
Interiors & AC
Seats, AC, audio & other features
9.0
Excellent
Exteriors & lights
Panels, glasses, lights & fixtures
8.6
Good
Wear & tear parts
Tyres, clutch, brakes & more
8.4
Good
View full report
Next service due after 12 months or 15,000 km
(whichever comes first post delivery)"
2020 MG Motors Hector Sharp 2.0 Diesel,"₹ 10,44,000","Car Overview
Make Year
Jun 2020
Registration Year
Sep 2020
Fuel Type
Diesel (BSVI)
Km driven
36K km
Transmission
Manual (Regular)
No. of Owner
1st Owner
Insurance Validity
Aug 2026
Insurance Type
Comprehensive
RTO
TS09
Car Location
Kukatpally, Hyderabad","Quality report
1576 parts evaluated by 5 automotive experts
Meter not tampered
Non-flooded
Core structure intact
Core systems
Engine, transmission & chassis
9.9
Excellent
Supporting systems
Fuel supply, ignition & other systems
9.5
Excellent
Interiors & AC
Seats, AC, audio & other features
9.3
Excellent
Exteriors & lights
Panels, glasses, lights & fixtures
9.2
Excellent
Wear & tear parts
Tyres, clutch, brakes & more
8.4
Good
View full report
Next service due after 12 months or 10,000 km
(whichever comes first post delivery)"
2022 Hyundai Venue SX 1.5 CRDi,"₹ 7,27,200","Car Overview
Make Year
Apr 2022
Registration Year
May 2022
Fuel Type
Diesel (BSVI)
Km driven
81K km
Transmission
Manual (Regular)
No. of Owner
1st Owner
Insurance Validity
Apr 2027
Insurance Type
Third Party
RTO
TS07
Car Location
Uppal, Hyderabad","Quality report
1576 parts evaluated by 5 automotive experts
Meter not tampered
Non-flooded
Core structure intact
Core systems
Engine, transmission & chassis
9.4
Excellent
Supporting systems
Fuel supply, ignition & other systems
9.2
Excellent
Interiors & AC
Seats, AC, audio & other features
8.6
Good
Exteriors & lights
Panels, glasses, lights & fixtures
8.8
Good
Wear & tear parts
Tyres, clutch, brakes & more
8.5
Good
View full report
Next service due after 12 months or 10,000 km
(whichever comes first post delivery)"
2020 MG Motors Hector Sharp 1.5 DCT Petrol,"₹ 8,98,400","Car Overview
Make Year
Sep 2020
Registration Year
Dec 2020
Fuel Type
Petrol (BSIV)
Km driven
77K km
Transmission
Automatic (DCT)
No. of Owner
1st Owner
Insurance Validity
Apr 2027
Insurance Type
Third Party
RTO
TS04
Car Location
Kukatpally, Hyderabad","Quality report
1452 parts evaluated by 5 automotive experts
Meter not tampered
Non-flooded
Core structure intact
Core systems
Engine, transmission & chassis
9.6
Excellent
Supporting systems
Fuel supply, ignition & other systems
9.5
Excellent
Interiors & AC
Seats, AC, audio & other features
8.7
Good
Exteriors & lights
Panels, glasses, lights & fixtures
8.9
Good
Wear & tear parts
Tyres, clutch, brakes & more
8.3
Good
View full report
No immediate servicing required
(Inquire at test drive for more details)"
2021 Tata Nexon XZA Plus (S),"₹ 6,86,400","Car Overview
Make Year
Jul 2021
Registration Year
Sep 2021
Fuel Type
Petrol (BSVI)
Km driven
49K km
Transmission
Automatic (AMT)
No. of Owner
1st Owner
Insurance Validity
Aug 2026
Insurance Type
Third Party
RTO
TS15
Car Location
Uppal, Hyderabad","Quality report
1452 parts evaluated by 5 automotive experts
Meter not tampered
Non-flooded
Core structure intact
Core systems
Engine, transmission & chassis
9.8
Excellent
Supporting systems
Fuel supply, ignition & other systems
9.7
Excellent
Interiors & AC
Seats, AC, audio & other features
9.0
Excellent
Exteriors & lights
Panels, glasses, lights & fixtures
8.9
Good
Wear & tear parts
Tyres, clutch, brakes & more
8.2
Good
View full report
Next service due after 12 months or 15,000 km
(whichever comes first post delivery)"
2022 Nissan Magnite XV Premium Turbo CVT,"₹ 6,64,800","Car Overview
Make Year
Feb 2022
Registration Year
Apr 2022
Fuel Type
Petrol (BSVI)
Km driven
32K km
Transmission
Automatic (CVT)
No. of Owner
1st Owner
Insurance Validity
Mar 2027
Insurance Type
Comprehensive
RTO
TS09
Car Location
Kukatpally, Hyderabad","Quality report
1452 parts evaluated by 5 automotive experts
Meter not tampered
Non-flooded
Core structure intact
Core systems
Engine, transmission & chassis
9.9
Excellent
Supporting systems
Fuel supply, ignition & other systems
9.7
Excellent
Interiors & AC
Seats, AC, audio & other features
9.5
Excellent
Exteriors & lights
Panels, glasses, lights & fixtures
8.7
Good
Wear & tear parts
Tyres, clutch, brakes & more
8.7
Good
View full report
Next service due after 12 months or 10,000 km
(whichever comes first post delivery)"
2024 Nissan Magnite XV Premium Turbo CVT*,"₹ 7,06,400","Car Overview
*Note:   Make & registration years are different.
Make Year
Apr 2023
Registration Year
Jan 2024
Fuel Type
Petrol (BSVI)
Km driven
37K km
Transmission
Automatic (CVT)
No. of Owner
1st Owner
Insurance Validity
Aug 2026
Insurance Type
Comprehensive
RTO
TS09
Car Location
Uppal, Hyderabad","Quality report
1452 parts evaluated by 5 automotive experts
Meter not tampered
Non-flooded
Core structure intact
Core systems
Engine, transmission & chassis
9.9
Excellent
Supporting systems
Fuel supply, ignition & other systems
9.6
Excellent
Interiors & AC
Seats, AC, audio & other features
9.0
Excellent
Exteriors & lights
Panels, glasses, lights & fixtures
8.9
Good
Wear & tear parts
Tyres, clutch, brakes & more
8.0
Good
View full report
Next service due after 12 months or 10,000 km
(whichever comes first post delivery)"
2018 Audi Q3 30 TFSI Premium*,"₹ 13,65,406","Car Overview
*Note:   Make & registration years are different.
Make Year
Nov 2017
Registration Year
Jan 2018
Fuel Type
Petrol (BSIV)
Km driven
58K km
Transmission
Automatic
No. of Owner
1st Owner
Insurance Validity
Dec 2026
Insurance Type
Comprehensive
RTO
AP21
Car Location
Kukatpally, Hyderabad","Quality report
1452 parts evaluated by 5 automotive experts
Meter not tampered
Non-flooded
Core structure intact
Core systems
Engine, transmission & chassis
9.8
Excellent
Supporting systems
Fuel supply, ignition & other systems
9.6
Excellent
Interiors & AC
Seats, AC, audio & other features
9.0
Excellent
Exteriors & lights
Panels, glasses, lights & fixtures
8.9
Good
Wear & tear parts
Tyres, clutch, brakes & more
8.1
Good
View full report
Next service due after 12 months or 15,000 km
(whichever comes first post delivery)"
2022 Kia Seltos GTX Plus 1.4 DCT,"₹ 11,06,400","Car Overview
Make Year
Jul 2022
Registration Year
Sep 2022
Fuel Type
Petrol (BSVI)
Km driven
52K km
Transmission
Automatic (DCT)
No. of Owner
2nd Owner
Insurance Validity
Oct 2026
Insurance Type
Comprehensive
RTO
TS07
Car Location
Kukatpally, Hyderabad","Quality report
1452 parts evaluated by 5 automotive experts
Meter not tampered
Non-flooded
Core structure intact
Core systems
Engine, transmission & chassis
9.8
Excellent
Supporting systems
Fuel supply, ignition & other systems
9.6
Excellent
Interiors & AC
Seats, AC, audio & other features
9.1
Excellent
Exteriors & lights
Panels, glasses, lights & fixtures
8.3
Good
Wear & tear parts
Tyres, clutch, brakes & more
8.0
Good
View full report
Next service due after 12 months or 10,000 km
(whichever comes first post delivery)"
2022 Nissan Magnite XV Premium Turbo CVT,"₹ 6,54,400","Car Overview
Make Year
Mar 2022
Registration Year
Apr 2022
Fuel Type
Petrol (BSVI)
Km driven
28K km
Transmission
Automatic (CVT)
No. of Owner
1st Owner
Insurance Validity
Apr 2027
Insurance Type
Third Party
RTO
AP39
Car Location
Kukatpally, Hyderabad","Quality report
1452 parts evaluated by 5 automotive experts
Meter not tampered
Non-flooded
Core structure intact
Core systems
Engine, transmission & chassis
9.9
Excellent
Supporting systems
Fuel supply, ignition & other systems
9.3
Excellent
Interiors & AC
Seats, AC, audio & other features
9.3
Excellent
Exteriors & lights
Panels, glasses, lights & fixtures
9.1
Excellent
Wear & tear parts
Tyres, clutch, brakes & more
8.9
Good
View full report
Next service due after 12 months or 10,000 km
(whichever comes first post delivery)"
2021 Kia Seltos HTX IVT 1.5*,"₹ 8,71,164","Car Overview
*Note:   Make & registration years are different.
Make Year
Dec 2020
Registration Year
Feb 2021
Fuel Type
Petrol (BSVI)
Km driven
68K km
Transmission
Automatic (CVT)
No. of Owner
1st Owner
Insurance Validity
Apr 2027
Insurance Type
Third Party
RTO
TS07
Car Location
Kukatpally, Hyderabad","Quality report
1452 parts evaluated by 5 automotive experts
Meter not tampered
Non-flooded
Core structure intact
Core systems
Engine, transmission & chassis
9.7
Excellent
Supporting systems
Fuel supply, ignition & other systems
9.4
Excellent
Interiors & AC
Seats, AC, audio & other features
8.9
Good
Exteriors & lights
Panels, glasses, lights & fixtures
8.4
Good
Wear & tear parts
Tyres, clutch, brakes & more
8.2
Good
View full report
Next service due after 12 months or 10,000 km
(whichever comes first post delivery)"
2023 Audi Q3 40 TFSI Technology*,"₹ 28,68,286","Car Overview
*Note:   Make & registration years are different.
Make Year
Oct 2022
Registration Year
Jun 2023
Fuel Type
Petrol (BSVI)
Km driven
22K km
Transmission
Automatic (DCT)
No. of Owner
1st Owner
Insurance Validity
Apr 2027
Insurance Type
Comprehensive
RTO
TS10
Car Location
Kukatpally, Hyderabad","Quality report
1452 parts evaluated by 5 automotive experts
Meter not tampered
Non-flooded
Core structure intact
Core systems
Engine, transmission & chassis
9.9
Excellent
Supporting systems
Fuel supply, ignition & other systems
9.8
Excellent
Interiors & AC
Seats, AC, audio & other features
9.5
Excellent
Exteriors & lights
Panels, glasses, lights & fixtures
9.4
Excellent
Wear & tear parts
Tyres, clutch, brakes & more
8.9
Good
View full report
Next service due after 12 months or 15,000 km
(whichever comes first post delivery)"
2018 Lexus NX 300h Luxury,"₹ 21,73,406","Car Overview
Make Year
Jan 2018
Registration Year
May 2018
Fuel Type
Petrol
Km driven
108K km
Transmission
Automatic (CVT)
No. of Owner
2nd Owner
Insurance Validity
Insurance Type
Third Party
RTO
TS10
Car Location
Kukatpally, Hyderabad","Quality report
1452 parts evaluated by 5 automotive experts
Meter not tampered
Non-flooded
Core structure intact
Core systems
Engine, transmission & chassis
9.6
Excellent
Supporting systems
Fuel supply, ignition & other systems
9.3
Excellent
Interiors & AC
Seats, AC, audio & other features
8.5
Good
Exteriors & lights
Panels, glasses, lights & fixtures
8.7
Good
Wear & tear parts
Tyres, clutch, brakes & more
8.2
Good
View full report
Next service due after 12 months or 10,000 km
(whichever comes first post delivery)"
2020 Jeep Compass Limited Plus Petrol AT,"₹ 9,69,486","Car Overview
Make Year
Nov 2020
Registration Year
Dec 2020
Fuel Type
Petrol (BSVI)
Km driven
82K km
Transmission
Automatic (DCT)
No. of Owner
3rd Owner
Insurance Validity
Nov 2026
Insurance Type
Comprehensive
RTO
TS15
Car Location
Kukatpally, Hyderabad","Quality report
1452 parts evaluated by 5 automotive experts
Meter not tampered
Non-flooded
Core structure intact
Core systems
Engine, transmission & chassis
9.6
Excellent
Supporting systems
Fuel supply, ignition & other systems
9.0
Excellent
Interiors & AC
Seats, AC, audio & other features
7.8
Fair
Few flaws in features & accessories, feature functionality remains reliable
Comes with ₹31,000 lower price tag because of it
Exteriors & lights
Panels, glasses, lights & fixtures
8.5
Good
Wear & tear parts
Tyres, clutch, brakes & more
8.3
Good
View full report
Next service due after 12 months or 15,000 km
(whichever comes first post delivery)"
2019 Jeep Compass Trailhawk (O) 2.0 4x4,"₹ 10,90,686","Car Overview
Make Year
Jun 2019
Registration Year
Sep 2019
Fuel Type
Diesel (BSVI)
Km driven
70K km
Transmission
Automatic (Torque Convertor)
No. of Owner
3rd Owner
Insurance Validity
Aug 2026
Insurance Type
Comprehensive
RTO
TS07
Car Location
Kukatpally, Hyderabad","Quality report
1432 parts evaluated by 5 automotive experts
Meter not tampered
Non-flooded
Core structure intact
Core systems
Engine, transmission & chassis
9.6
Excellent
Supporting systems
Fuel supply, ignition & other systems
9.5
Excellent
Interiors & AC
Seats, AC, audio & other features
8.7
Good
Exteriors & lights
Panels, glasses, lights & fixtures
8.8
Good
Wear & tear parts
Tyres, clutch, brakes & more
7.7
Fair
Few components have experienced wear and tear
Comes with ₹57,000 lower price tag because of it
View full report
Next service due after 12 months or 15,000 km
(whichever comes first post delivery)"
2022 Volkswagen Taigun Topline 1.0 TSI MT*,"₹ 7,63,200","Car Overview
*Note:   Make & registration years are different.
Make Year
Nov 2021
Registration Year
Mar 2022
Fuel Type
Petrol (BSVI)
Km driven
120K km
Transmission
Manual (Regular)
No. of Owner
1st Owner
Insurance Validity
Apr 2027
Insurance Type
Third Party
RTO
TS07
Car Location
Kukatpally, Hyderabad","Quality report
1573 parts evaluated by 5 automotive experts
Meter not tampered
Non-flooded
Core systems
Engine, transmission & chassis
9.3
Excellent
Supporting systems
Fuel supply, ignition & other systems
9.2
Excellent
Interiors & AC
Seats, AC, audio & other features
7.6
Fair
Few flaws in ac, cooling remains reliable
Comes with ₹22,000 lower price tag because of it
Exteriors & lights
Panels, glasses, lights & fixtures
8.1
Good
Wear & tear parts
Tyres, clutch, brakes & more
7.4
Fair
Few components have experienced wear and tear
Comes with ₹54,000 lower price tag because of it
View full report
Next service due after 12 months or 15,000 km
(whichever comes first post delivery)"
2020 Hyundai Creta SX 1.5 Petrol,"₹ 8,80,000","Car Overview
Make Year
Aug 2020
Registration Year
Sep 2020
Fuel Type
Petrol (BSVI)
Km driven
51K km
Transmission
Manual (Regular)
No. of Owner
1st Owner
Insurance Validity
Sep 2026
Insurance Type
Comprehensive
RTO
TS09
Car Location
Uppal, Hyderabad","Quality report
1573 parts evaluated by 5 automotive experts
Meter not tampered
Non-flooded
Core structure intact
Core systems
Engine, transmission & chassis
9.8
Excellent
Supporting systems
Fuel supply, ignition & other systems
9.7
Excellent
Interiors & AC
Seats, AC, audio & other features
9.0
Excellent
Exteriors & lights
Panels, glasses, lights & fixtures
9.0
Excellent
Wear & tear parts
Tyres, clutch, brakes & more
8.7
Good
View full report
Next service due after 12 months or 10,000 km
(whichever comes first post delivery)"
2023 Kia Seltos HTX 1.5*,"₹ 9,66,400","Car Overview
*Note:   Make & registration years are different.
Make Year
Nov 2022
Registration Year
Feb 2023
Fuel Type
Petrol (BSVI)
Km driven
47K km
Transmission
Manual (Regular)
No. of Owner
1st Owner
Insurance Validity
Jan 2027
Insurance Type
Comprehensive
RTO
TS07
Car Location
Kukatpally, Hyderabad","Quality report
1573 parts evaluated by 5 automotive experts
Meter not tampered
Non-flooded
Core structure intact
Core systems
Engine, transmission & chassis
9.8
Excellent
Supporting systems
Fuel supply, ignition & other systems
9.6
Excellent
Interiors & AC
Seats, AC, audio & other features
8.9
Good
Exteriors & lights
Panels, glasses, lights & fixtures
8.6
Good
Wear & tear parts
Tyres, clutch, brakes & more
8.4
Good
View full report
Next service due after 12 months or 10,000 km
(whichever comes first post delivery)"
2019 Audi Q5 45 TFSI Technology*,"₹ 20,92,606","Car Overview
*Note:   Make & registration years are different.
Make Year
Jul 2018
Registration Year
Jan 2019
Fuel Type
Petrol
Km driven
64K km
Transmission
Automatic
No. of Owner
1st Owner
Insurance Validity
Nov 2026
Insurance Type
Comprehensive
RTO
TS09
Car Location
Kukatpally, Hyderabad","Quality report
1452 parts evaluated by 5 automotive experts
Meter not tampered
Non-flooded
Core structure intact
Core systems
Engine, transmission & chassis
9.8
Excellent
Supporting systems
Fuel supply, ignition & other systems
8.8
Good
Interiors & AC
Seats, AC, audio & other features
8.4
Good
Exteriors & lights
Panels, glasses, lights & fixtures
8.5
Good
Wear & tear parts
Tyres, clutch, brakes & more
7.9
Fair
Few components have experienced wear and tear
Comes with ₹98,000 lower price tag because of it
View full report
No immediate servicing required
(Inquire at test drive for more details)"
2025 Hyundai Venue SX 1.2 Petrol,"₹ 9,15,164","Car Overview
Make Year
Mar 2025
Registration Year
Apr 2025
Fuel Type
Petrol (BSVI)
Km driven
6K km
Transmission
Manual (Regular)
No. of Owner
1st Owner
Insurance Validity
Apr 2027
Insurance Type
Third Party
RTO
TG09
Car Location
Kukatpally, Hyderabad","Quality report
1573 parts evaluated by 5 automotive experts
Meter not tampered
Non-flooded
Core structure intact
Core systems
Engine, transmission & chassis
10.0
Excellent
Supporting systems
Fuel supply, ignition & other systems
10.0
Excellent
Interiors & AC
Seats, AC, audio & other features
9.9
Excellent
Exteriors & lights
Panels, glasses, lights & fixtures
9.7
Excellent
Wear & tear parts
Tyres, clutch, brakes & more
9.6
Excellent
View full report
Next service due after 12 months or 10,000 km
(whichever comes first post delivery)"
2021 Jeep Compass Limited Plus 2.0 Diesel 4x4 AT*,"₹ 12,77,334","Car Overview
*Note:   Make & registration years are different.
Make Year
Jan 2020
Registration Year
Jul 2021
Fuel Type
Diesel (BSVI)
Km driven
49K km
Transmission
Automatic (Torque Convertor)
No. of Owner
1st Owner
Insurance Validity
Apr 2027
Insurance Type
Comprehensive
RTO
TS08
Car Location
Kukatpally, Hyderabad","Quality report
1432 parts evaluated by 5 automotive experts
Meter not tampered
Non-flooded
Core structure intact
Core systems
Engine, transmission & chassis
9.8
Excellent
Supporting systems
Fuel supply, ignition & other systems
9.7
Excellent
Interiors & AC
Seats, AC, audio & other features
9.0
Excellent
Exteriors & lights
Panels, glasses, lights & fixtures
9.1
Excellent
Wear & tear parts
Tyres, clutch, brakes & more
8.1
Good
View full report
Next service due after 12 months or 15,000 km
(whichever comes first post delivery)"
2021 Kia Sonet HTX 1.5,"₹ 6,89,600","Car Overview
Make Year
Jun 2021
Registration Year
Jun 2021
Fuel Type
Diesel (BSVI)
Km driven
57K km
Transmission
Manual (Regular)
No. of Owner
2nd Owner
Insurance Validity
Apr 2027
Insurance Type
Third Party
RTO
TS07
Car Location
Uppal, Hyderabad","Quality report
1576 parts evaluated by 5 automotive experts
Meter not tampered
Non-flooded
Core structure intact
Core systems
Engine, transmission & chassis
9.8
Excellent
Supporting systems
Fuel supply, ignition & other systems
9.6
Excellent
Interiors & AC
Seats, AC, audio & other features
8.6
Good
Exteriors & lights
Panels, glasses, lights & fixtures
8.7
Good
Wear & tear parts
Tyres, clutch, brakes & more
8.3
Good
View full report
Next service due after 12 months or 10,000 km
(whichever comes first post delivery)"
2023 Kia Sonet HTK Plus 1.2 Petrol MT,"₹ 6,83,200","Car Overview
Make Year
May 2023
Registration Year
Sep 2023
Fuel Type
Petrol (BSVI)
Km driven
11K km
Transmission
Manual (Regular)
No. of Owner
1st Owner
Insurance Validity
Apr 2027
Insurance Type
Third Party
RTO
TS12
Car Location
Uppal, Hyderabad","Quality report
1573 parts evaluated by 5 automotive experts
Meter not tampered
Non-flooded
Core structure intact
Core systems
Engine, transmission & chassis
9.9
Excellent
Supporting systems
Fuel supply, ignition & other systems
9.9
Excellent
Interiors & AC
Seats, AC, audio & other features
9.8
Excellent
Exteriors & lights
Panels, glasses, lights & fixtures
9.6
Excellent
Wear & tear parts
Tyres, clutch, brakes & more
9.4
Excellent
View full report
Next service due after 12 months or 10,000 km
(whichever comes first post delivery)"
2023 Kia Seltos HTK Plus 1.5*,"₹ 8,50,364","Car Overview
*Note:   Make & registration years are different.
Make Year
Sep 2022
Registration Year
Feb 2023
Fuel Type
Petrol (BSVI)
Km driven
45K km
Transmission
Manual (Regular)
No. of Owner
1st Owner
Insurance Validity
Apr 2027
Insurance Type
Third Party
RTO
TS26
Car Location
Kukatpally, Hyderabad","Quality report
1573 parts evaluated by 5 automotive experts
Meter not tampered
Non-flooded
Core structure intact
Core systems
Engine, transmission & chassis
9.8
Excellent
Supporting systems
Fuel supply, ignition & other systems
9.7
Excellent
Interiors & AC
Seats, AC, audio & other features
9.2
Excellent
Exteriors & lights
Panels, glasses, lights & fixtures
8.9
Good
Wear & tear parts
Tyres, clutch, brakes & more
8.6
Good
View full report
Next service due after 12 months or 10,000 km
(whichever comes first post delivery)"
2019 Kia Seltos GTX Plus DCT 1.4,"₹ 9,84,800","Car Overview
Make Year
Sep 2019
Registration Year
Oct 2019
Fuel Type
Petrol
Km driven
35K km
Transmission
Automatic (DCT)
No. of Owner
1st Owner
Insurance Validity
Oct 2026
Insurance Type
Comprehensive
RTO
TS07
Car Location
Kukatpally, Hyderabad","Quality report
1452 parts evaluated by 5 automotive experts
Meter not tampered
Non-flooded
Core structure intact
Core systems
Engine, transmission & chassis
9.9
Excellent
Supporting systems
Fuel supply, ignition & other systems
9.7
Excellent
Interiors & AC
Seats, AC, audio & other features
8.9
Good
Exteriors & lights
Panels, glasses, lights & fixtures
8.6
Good
Wear & tear parts
Tyres, clutch, brakes & more
8.4
Good
View full report
Next service due after 12 months or 10,000 km
(whichever comes first post delivery)"
2020 Kia Seltos GTX Plus DCT 1.4,"₹ 8,75,200","Car Overview
Make Year
Nov 2020
Registration Year
Dec 2020
Fuel Type
Petrol (BSVI)
Km driven
103K km
Transmission
Automatic (DCT)
No. of Owner
1st Owner
Insurance Validity
Dec 2026
Insurance Type
Third Party
RTO
TS07
Car Location
Kukatpally, Hyderabad","Quality report
1452 parts evaluated by 5 automotive experts
Meter not tampered
Non-flooded
Core structure intact
Core systems
Engine, transmission & chassis
9.6
Excellent
Supporting systems
Fuel supply, ignition & other systems
9.2
Excellent
Interiors & AC
Seats, AC, audio & other features
8.1
Good
Exteriors & lights
Panels, glasses, lights & fixtures
8.4
Good
Wear & tear parts
Tyres, clutch, brakes & more
8.3
Good
View full report
No immediate servicing required
(Inquire at test drive for more details)"
2021 Kia Seltos GTX Plus 1.4 DCT,"₹ 9,72,800","Car Overview
Make Year
Apr 2021
Registration Year
Jul 2021
Fuel Type
Petrol (BSVI)
Km driven
72K km
Transmission
Automatic (DCT)
No. of Owner
1st Owner
Insurance Validity
Apr 2027
Insurance Type
Third Party
RTO
TS08
Car Location
Kukatpally, Hyderabad","Quality report
1452 parts evaluated by 5 automotive experts
Meter not tampered
Non-flooded
Core structure intact
Core systems
Engine, transmission & chassis
9.7
Excellent
Supporting systems
Fuel supply, ignition & other systems
9.4
Excellent
Interiors & AC
Seats, AC, audio & other features
8.9
Good
Exteriors & lights
Panels, glasses, lights & fixtures
8.8
Good
Wear & tear parts
Tyres, clutch, brakes & more
7.8
Fair
Few components have experienced wear and tear
Comes with ₹49,000 lower price tag because of it
View full report
No immediate servicing required
(Inquire at test drive for more details)"
2021 Kia Seltos GTX Plus 1.4 DCT,"₹ 8,84,000","Car Overview
Make Year
Mar 2021
Registration Year
Jul 2021
Fuel Type
Petrol (BSVI)
Km driven
103K km
Transmission
Automatic (DCT)
No. of Owner
1st Owner
Insurance Validity
Apr 2027
Insurance Type
Third Party
RTO
TS09
Car Location
Kukatpally, Hyderabad","Quality report
1452 parts evaluated by 5 automotive experts
Meter not tampered
Non-flooded
Core structure intact
Core systems
Engine, transmission & chassis
9.6
Excellent
Supporting systems
Fuel supply, ignition & other systems
8.5
Good
Interiors & AC
Seats, AC, audio & other features
8.3
Good
Exteriors & lights
Panels, glasses, lights & fixtures
8.3
Good
Wear & tear parts
Tyres, clutch, brakes & more
7.9
Fair
Few components have experienced wear and tear
Comes with ₹40,000 lower price tag because of it
View full report
Next service due after 12 months or 10,000 km
(whichever comes first post delivery)"
2020 Kia Seltos GTX Plus DCT 1.4,"₹ 8,81,564","Car Overview
Make Year
Mar 2020
Registration Year
Sep 2020
Fuel Type
Petrol
Km driven
92K km
Transmission
Automatic (DCT)
No. of Owner
1st Owner
Insurance Validity
Apr 2027
Insurance Type
Third Party
RTO
TS07
Car Location
Hafeezpet, Hyderabad","Quality report
1452 parts evaluated by 5 automotive experts
Meter not tampered
Non-flooded
Core structure intact
Core systems
Engine, transmission & chassis
9.7
Excellent
Supporting systems
Fuel supply, ignition & other systems
9.3
Excellent
Interiors & AC
Seats, AC, audio & other features
8.6
Good
Exteriors & lights
Panels, glasses, lights & fixtures
8.1
Good
Wear & tear parts
Tyres, clutch, brakes & more
8.2
Good
View full report
No immediate servicing required
(Inquire at test drive for more details)"
2023 Volkswagen Taigun Topline 1.0 TSI MT*,"₹ 8,28,800","Car Overview
*Note:   Make & registration years are different.
Make Year
Dec 2022
Registration Year
Jun 2023
Fuel Type
Petrol (BSVI)
Km driven
74K km
Transmission
Manual (Regular)
No. of Owner
1st Owner
Insurance Validity
Apr 2027
Insurance Type
Third Party
RTO
AP39
Car Location
Kukatpally, Hyderabad","Quality report
1573 parts evaluated by 5 automotive experts
Meter not tampered
Non-flooded
Core structure intact
Core systems
Engine, transmission & chassis
9.7
Excellent
Supporting systems
Fuel supply, ignition & other systems
9.4
Excellent
Interiors & AC
Seats, AC, audio & other features
9.1
Excellent
Exteriors & lights
Panels, glasses, lights & fixtures
8.1
Good
Wear & tear parts
Tyres, clutch, brakes & more
8.2
Good
View full report
No immediate servicing required
(Inquire at test drive for more details)"
2023 Nissan Magnite XV Premium Turbo CVT,"₹ 7,19,200","Car Overview
Make Year
Apr 2023
Registration Year
Jun 2023
Fuel Type
Petrol
Km driven
29K km
Transmission
Automatic (CVT)
No. of Owner
1st Owner
Insurance Validity
Apr 2027
Insurance Type
Third Party
RTO
TS08
Car Location
Uppal, Hyderabad","Quality report
1452 parts evaluated by 5 automotive experts
Meter not tampered
Non-flooded
Core structure intact
Core systems
Engine, transmission & chassis
9.9
Excellent
Supporting systems
Fuel supply, ignition & other systems
9.8
Excellent
Interiors & AC
Seats, AC, audio & other features
9.1
Excellent
Exteriors & lights
Panels, glasses, lights & fixtures
8.6
Good
Wear & tear parts
Tyres, clutch, brakes & more
8.6
Good
View full report
Next service due after 12 months or 10,000 km
(whichever comes first post delivery)"
2022 MG Motors Hector Sharp 2.0 Diesel Turbo MT,Priced ~₹9.5 lakhs lower compared to it's original new car on-road price,"Car Overview
Make Year
Feb 2022
Registration Year
Mar 2022
Fuel Type
Diesel (BSVI)
Km driven
35K km
Transmission
Manual (Regular)
No. of Owner
1st Owner
Insurance Validity
Feb 2027
Insurance Type
Comprehensive
RTO
TS07
Car Location
Kukatpally, Hyderabad","Quality report
1576 parts evaluated by 5 automotive experts
Meter not tampered
Non-flooded
Core structure intact
Core systems
Engine, transmission & chassis
9.9
Excellent
Supporting systems
Fuel supply, ignition & other systems
9.5
Excellent
Interiors & AC
Seats, AC, audio & other features
9.1
Excellent
Exteriors & lights
Panels, glasses, lights & fixtures
9.2
Excellent
Wear & tear parts
Tyres, clutch, brakes & more
8.2
Good
View full report
Next service due after 12 months or 10,000 km
(whichever comes first post delivery)"
2021 Kia Seltos GTX Plus 1.5 Diesel AT,"₹ 10,24,430","Car Overview
Make Year
Jun 2021
Registration Year
Jul 2021
Fuel Type
Diesel (BSVI)
Km driven
102K km
Transmission
Automatic (Torque Convertor)
No. of Owner
1st Owner
Insurance Validity
Apr 2027
Insurance Type
Third Party
RTO
TS07
Car Location
Kukatpally, Hyderabad","Quality report
1432 parts evaluated by 5 automotive experts
Meter not tampered
Non-flooded
Core structure intact
Core systems
Engine, transmission & chassis
9.6
Excellent
Supporting systems
Fuel supply, ignition & other systems
9.2
Excellent
Interiors & AC
Seats, AC, audio & other features
8.6
Good
Exteriors & lights
Panels, glasses, lights & fixtures
8.1
Good
Wear & tear parts
Tyres, clutch, brakes & more
8.1
Good
View full report
No immediate servicing required
(Inquire at test drive for more details)"
2021 MG Motors Hector Sharp 1.5 Petrol CVT,Priced ~₹11 lakhs lower compared to it's original new car on-road price,"Car Overview
Make Year
Feb 2021
Registration Year
Apr 2021
Fuel Type
Petrol
Km driven
50K km
Transmission
Automatic (CVT)
No. of Owner
1st Owner
Insurance Validity
Apr 2027
Insurance Type
Third Party
RTO
TS09
Car Location
Hafeezpet, Hyderabad","Quality report
1452 parts evaluated by 5 automotive experts
Meter not tampered
Non-flooded
Core structure intact
Core systems
Engine, transmission & chassis
9.8
Excellent
Supporting systems
Fuel supply, ignition & other systems
9.5
Excellent
Interiors & AC
Seats, AC, audio & other features
8.9
Good
Exteriors & lights
Panels, glasses, lights & fixtures
8.5
Good
Wear & tear parts
Tyres, clutch, brakes & more
8.3
Good
View full report
Next service due after 12 months or 10,000 km
(whichever comes first post delivery)"
2024 BMW X1 sDrive18d M Sport*,"₹ 36,76,286","Car Overview
*Note:   Make & registration years are different.
Make Year
Apr 2023
Registration Year
Jan 2024
Fuel Type
Diesel (BSIV)
Km driven
23K km
Transmission
Automatic (DCT)
No. of Owner
1st Owner
Insurance Validity
Dec 2026
Insurance Type
Comprehensive
RTO
TS09
Car Location
Kukatpally, Hyderabad","Quality report
1432 parts evaluated by 5 automotive experts
Meter not tampered
Non-flooded
Core structure intact
Core systems
Engine, transmission & chassis
9.9
Excellent
Supporting systems
Fuel supply, ignition & other systems
9.8
Excellent
Interiors & AC
Seats, AC, audio & other features
9.3
Excellent
Exteriors & lights
Panels, glasses, lights & fixtures
9.3
Excellent
Wear & tear parts
Tyres, clutch, brakes & more
8.6
Good
View full report
Next service due after 12 months or 15,000 km
(whichever comes first post delivery)"
2022 Volkswagen Taigun Topline 1.0 TSI MT,"₹ 8,97,600","Car Overview
Make Year
Feb 2022
Registration Year
Jul 2022
Fuel Type
Petrol (BSVI)
Km driven
120K km
Transmission
Manual (Regular)
No. of Owner
1st Owner
Insurance Validity
Apr 2027
Insurance Type
Third Party
RTO
TS07
Car Location
Hafeezpet, Hyderabad","Quality report
1573 parts evaluated by 5 automotive experts
Meter not tampered
Non-flooded
Core structure intact
Core systems
Engine, transmission & chassis
9.6
Excellent
Supporting systems
Fuel supply, ignition & other systems
8.9
Good
Interiors & AC
Seats, AC, audio & other features
7.9
Fair
Few flaws in features & accessories, feature functionality remains reliable
Comes with ₹21,000 lower price tag because of it
Exteriors & lights
Panels, glasses, lights & fixtures
7.9
Fair
Imperfections on body panels but no impact on build quality
Comes with ₹25,000 lower price tag because of it
Wear & tear parts
Tyres, clutch, brakes & more
8.4
Good
View full report
No immediate servicing required
(Inquire at test drive for more details)"
2022 Kia Sonet GTX Plus 1.0 DCT,"₹ 8,37,600","Car Overview
Make Year
Oct 2022
Registration Year
Dec 2022
Fuel Type
Petrol (BSVI)
Km driven
45K km
Transmission
Automatic (DCT)
No. of Owner
2nd Owner
Insurance Validity
Aug 2026
Insurance Type
Comprehensive
RTO
TS07
Car Location
Uppal, Hyderabad","Quality report
1452 parts evaluated by 5 automotive experts
Meter not tampered
Non-flooded
Core structure intact
Core systems
Engine, transmission & chassis
9.6
Excellent
Supporting systems
Fuel supply, ignition & other systems
9.7
Excellent
Interiors & AC
Seats, AC, audio & other features
9.0
Excellent
Exteriors & lights
Panels, glasses, lights & fixtures
8.3
Good
Wear & tear parts
Tyres, clutch, brakes & more
8.4
Good
View full report
No immediate servicing required
(Inquire at test drive for more details)"
2022 Tata Nexon XMA (S),"₹ 6,60,800","Car Overview
Make Year
May 2022
Registration Year
Jun 2022
Fuel Type
Petrol (BSVI)
Km driven
24K km
Transmission
Automatic (AMT)
No. of Owner
1st Owner
Insurance Validity
Apr 2027
Insurance Type
Third Party
RTO
TS07
Car Location
Uppal, Hyderabad","Quality report
1452 parts evaluated by 5 automotive experts
Meter not tampered
Non-flooded
Core structure intact
Core systems
Engine, transmission & chassis
9.9
Excellent
Supporting systems
Fuel supply, ignition & other systems
9.8
Excellent
Interiors & AC
Seats, AC, audio & other features
9.5
Excellent
Exteriors & lights
Panels, glasses, lights & fixtures
9.2
Excellent
Wear & tear parts
Tyres, clutch, brakes & more
8.4
Good
View full report
Next service due after 12 months or 15,000 km
(whichever comes first post delivery)"
2021 Kia Sonet HTK Plus 1.5 AT,"₹ 7,39,200","Car Overview
Make Year
May 2021
Registration Year
Jun 2021
Fuel Type
Diesel (BSVI)
Km driven
44K km
Transmission
Automatic (Torque Convertor)
No. of Owner
1st Owner
Insurance Validity
Apr 2027
Insurance Type
Third Party
RTO
TS09
Car Location
Uppal, Hyderabad","Quality report
1432 parts evaluated by 5 automotive experts
Meter not tampered
Non-flooded
Core structure intact
Core systems
Engine, transmission & chassis
9.7
Excellent
Supporting systems
Fuel supply, ignition & other systems
9.5
Excellent
Interiors & AC
Seats, AC, audio & other features
8.9
Good
Exteriors & lights
Panels, glasses, lights & fixtures
8.6
Good
Wear & tear parts
Tyres, clutch, brakes & more
7.8
Fair
Few components have experienced wear and tear
Comes with ₹37,000 lower price tag because of it
View full report
Next service due after 12 months or 10,000 km
(whichever comes first post delivery)"
2021 Kia Seltos GTX Plus DCT 1.4,"₹ 9,40,000","Car Overview
Make Year
Apr 2021
Registration Year
Jun 2021
Fuel Type
Petrol (BSVI)
Km driven
82K km
Transmission
Automatic (DCT)
No. of Owner
1st Owner
Insurance Validity
Apr 2027
Insurance Type
Third Party
RTO
AP39
Car Location
Kukatpally, Hyderabad","Quality report
1452 parts evaluated by 5 automotive experts
Meter not tampered
Non-flooded
Core structure intact
Core systems
Engine, transmission & chassis
9.7
Excellent
Supporting systems
Fuel supply, ignition & other systems
9.4
Excellent
Interiors & AC
Seats, AC, audio & other features
8.1
Good
Exteriors & lights
Panels, glasses, lights & fixtures
8.7
Good
Wear & tear parts
Tyres, clutch, brakes & more
7.8
Fair
Few components have experienced wear and tear
Comes with ₹48,000 lower price tag because of it
View full report
No immediate servicing required
(Inquire at test drive for more details)"
2017 Maruti Suzuki S-Cross Zeta 1.3,"₹ 4,71,200","Car Overview
Make Year
May 2017
Registration Year
Oct 2017
Fuel Type
Diesel (BSIV)
Km driven
95K km
Transmission
Manual (Regular)
No. of Owner
1st Owner
Insurance Validity
Apr 2027
Insurance Type
Third Party
RTO
AP16
Car Location
Kukatpally, Hyderabad","Quality report
1576 parts evaluated by 5 automotive experts
Meter not tampered
Non-flooded
Core structure intact
Core systems
Engine, transmission & chassis
9.3
Excellent
Supporting systems
Fuel supply, ignition & other systems
9.4
Excellent
Interiors & AC
Seats, AC, audio & other features
8.2
Good
Exteriors & lights
Panels, glasses, lights & fixtures
8.1
Good
Wear & tear parts
Tyres, clutch, brakes & more
8.0
Good
View full report
Next service due after 12 months or 10,000 km
(whichever comes first post delivery)"
2020 Tata Nexon XMA (S) Diesel,Priced ~₹7 lakhs lower compared to it's original new car on-road price,"Car Overview
Make Year
Sep 2020
Registration Year
Oct 2020
Fuel Type
Diesel (BSVI)
Km driven
71K km
Transmission
Automatic (AMT)
No. of Owner
2nd Owner
Insurance Validity
Apr 2027
Insurance Type
Third Party
RTO
TS07
Car Location
Hafeezpet, Hyderabad","Quality report
1432 parts evaluated by 5 automotive experts
Meter not tampered
Non-flooded
Core structure intact
Core systems
Engine, transmission & chassis
9.7
Excellent
Supporting systems
Fuel supply, ignition & other systems
9.5
Excellent
Interiors & AC
Seats, AC, audio & other features
9.0
Excellent
Exteriors & lights
Panels, glasses, lights & fixtures
8.8
Good
Wear & tear parts
Tyres, clutch, brakes & more
8.4
Good
View full report
Next service due after 12 months or 15,000 km
(whichever comes first post delivery)"
2021 Kia Sonet GTX Plus 1.5,"₹ 8,03,244","Car Overview
Make Year
Jan 2021
Registration Year
Feb 2021
Fuel Type
Diesel
Km driven
53K km
Transmission
Manual (Regular)
No. of Owner
1st Owner
Insurance Validity
Jan 2027
Insurance Type
Comprehensive
RTO
TS07
Car Location
Kukatpally, Hyderabad","Quality report
1576 parts evaluated by 5 automotive experts
Meter not tampered
Non-flooded
Core structure intact
Core systems
Engine, transmission & chassis
9.7
Excellent
Supporting systems
Fuel supply, ignition & other systems
9.3
Excellent
Interiors & AC
Seats, AC, audio & other features
8.9
Good
Exteriors & lights
Panels, glasses, lights & fixtures
8.8
Good
Wear & tear parts
Tyres, clutch, brakes & more
8.3
Good
View full report
Next service due after 12 months or 10,000 km
(whichever comes first post delivery)"
2023 Kia Seltos HTX 1.5,"₹ 10,29,600","Car Overview
Make Year
Jan 2023
Registration Year
Apr 2023
Fuel Type
Petrol (BSVI)
Km driven
49K km
Transmission
Manual (Regular)
No. of Owner
1st Owner
Insurance Validity
Mar 2027
Insurance Type
Comprehensive
RTO
TS15
Car Location
Kukatpally, Hyderabad","Quality report
19 parts evaluated by 5 automotive experts
Meter not tampered
Non-flooded
Core structure intact
Core systems
Engine, transmission & chassis
9.8
Excellent
Supporting systems
Fuel supply, ignition & other systems
9.7
Excellent
Interiors & AC
Seats, AC, audio & other features
9.1
Excellent
Wear & tear parts
Tyres, clutch, brakes & more
10.0
Excellent
View full report
Next service due after 12 months or 10,000 km
(whichever comes first post delivery)"
2020 Kia Seltos HTX Plus 1.5 Diesel,"₹ 9,28,800","Car Overview
Make Year
Jan 2020
Registration Year
Jan 2020
Fuel Type
Diesel (BSVI)
Km driven
74K km
Transmission
Manual (Regular)
No. of Owner
1st Owner
Insurance Validity
Jan 2027
Insurance Type
Third Party
RTO
AP39
Car Location
Kukatpally, Hyderabad","Quality report
1576 parts evaluated by 5 automotive experts
Meter not tampered
Non-flooded
Core structure intact
Core systems
Engine, transmission & chassis
9.7
Excellent
Supporting systems
Fuel supply, ignition & other systems
9.5
Excellent
Interiors & AC
Seats, AC, audio & other features
8.8
Good
Exteriors & lights
Panels, glasses, lights & fixtures
8.5
Good
Wear & tear parts
Tyres, clutch, brakes & more
8.1
Good
View full report
Next service due after 12 months or 10,000 km
(whichever comes first post delivery)"
2020 Kia Seltos GTX Plus DCT 1.4,"₹ 8,39,200","Car Overview
Make Year
Aug 2020
Registration Year
Aug 2020
Fuel Type
Petrol (BSVI)
Km driven
80K km
Transmission
Automatic (DCT)
No. of Owner
2nd Owner
Insurance Validity
Apr 2027
Insurance Type
Third Party
RTO
AP39
Car Location
Kukatpally, Hyderabad","Quality report
1452 parts evaluated by 5 automotive experts
Meter not tampered
Non-flooded
Core structure intact
Core systems
Engine, transmission & chassis
9.7
Excellent
Supporting systems
Fuel supply, ignition & other systems
9.5
Excellent
Interiors & AC
Seats, AC, audio & other features
9.0
Excellent
Exteriors & lights
Panels, glasses, lights & fixtures
8.8
Good
Wear & tear parts
Tyres, clutch, brakes & more
8.7
Good
View full report
No immediate servicing required
(Inquire at test drive for more details)"
2020 Kia Seltos GTX Plus DCT 1.4,"₹ 8,17,600","Car Overview
Make Year
Jan 2020
Registration Year
Feb 2020
Fuel Type
Petrol (BSVI)
Km driven
110K km
Transmission
Automatic (DCT)
No. of Owner
2nd Owner
Insurance Validity
Feb 2027
Insurance Type
Comprehensive
RTO
TS07
Car Location
Kukatpally, Hyderabad","Quality report
1452 parts evaluated by 5 automotive experts
Meter not tampered
Non-flooded
Core structure intact
Core systems
Engine, transmission & chassis
9.6
Excellent
Supporting systems
Fuel supply, ignition & other systems
9.2
Excellent
Interiors & AC
Seats, AC, audio & other features
8.7
Good
Exteriors & lights
Panels, glasses, lights & fixtures
8.0
Good
Wear & tear parts
Tyres, clutch, brakes & more
7.8
Fair
Few components have experienced wear and tear
Comes with ₹40,000 lower price tag because of it
View full report
No immediate servicing required
(Inquire at test drive for more details)"
2022 Hyundai Creta SX 1.5 Petrol IVT,"₹ 9,68,764","Car Overview
Make Year
Feb 2022
Registration Year
Mar 2022
Fuel Type
Petrol (BSVI)
Km driven
102K km
Transmission
Automatic (CVT)
No. of Owner
1st Owner
Insurance Validity
Apr 2027
Insurance Type
Third Party
RTO
TS07
Car Location
Uppal, Hyderabad","Quality report
1452 parts evaluated by 5 automotive experts
Meter not tampered
Non-flooded
Core structure intact
Core systems
Engine, transmission & chassis
9.6
Excellent
Supporting systems
Fuel supply, ignition & other systems
9.3
Excellent
Interiors & AC
Seats, AC, audio & other features
8.6
Good
Exteriors & lights
Panels, glasses, lights & fixtures
8.4
Good
Wear & tear parts
Tyres, clutch, brakes & more
8.0
Good
View full report
Next service due after 12 months or 10,000 km
(whichever comes first post delivery)"
2023 Volkswagen Taigun Topline 1.0 TSI MT*,"₹ 8,64,000","Car Overview
*Note:   Make & registration years are different.
Make Year
Nov 2022
Registration Year
Aug 2023
Fuel Type
Petrol (BSVI)
Km driven
50K km
Transmission
Manual (Regular)
No. of Owner
1st Owner
Insurance Validity
Aug 2026
Insurance Type
Comprehensive
RTO
TS08
Car Location
Kukatpally, Hyderabad","Quality report
1573 parts evaluated by 5 automotive experts
Meter not tampered
Non-flooded
Core structure intact
Core systems
Engine, transmission & chassis
9.6
Excellent
Supporting systems
Fuel supply, ignition & other systems
9.7
Excellent
Interiors & AC
Seats, AC, audio & other features
8.7
Good
Exteriors & lights
Panels, glasses, lights & fixtures
9.1
Excellent
Wear & tear parts
Tyres, clutch, brakes & more
8.5
Good
View full report
Next service due after 12 months or 15,000 km
(whichever comes first post delivery)"
2021 Kia Sonet GTX Plus 1.5,"₹ 8,35,200","Car Overview
Make Year
Apr 2021
Registration Year
May 2021
Fuel Type
Diesel
Km driven
30K km
Transmission
Manual (Regular)
No. of Owner
1st Owner
Insurance Validity
Apr 2027
Insurance Type
Third Party
RTO
TS09
Car Location
Kukatpally, Hyderabad","Quality report
1576 parts evaluated by 5 automotive experts
Meter not tampered
Non-flooded
Core structure intact
Core systems
Engine, transmission & chassis
9.9
Excellent
Supporting systems
Fuel supply, ignition & other systems
9.0
Excellent
Interiors & AC
Seats, AC, audio & other features
9.2
Excellent
Exteriors & lights
Panels, glasses, lights & fixtures
8.9
Good
Wear & tear parts
Tyres, clutch, brakes & more
8.8
Good
View full report
Next service due after 12 months or 10,000 km
(whichever comes first post delivery)"
2020 Kia Seltos GTX Plus AT 1.5 Diesel,"₹ 8,76,000","Car Overview
Make Year
Jan 2020
Registration Year
Aug 2020
Fuel Type
Diesel (BSVI)
Km driven
120K km
Transmission
Automatic (Torque Convertor)
No. of Owner
2nd Owner
Insurance Validity
Apr 2027
Insurance Type
Third Party
RTO
TS09
Car Location
Kukatpally, Hyderabad","Quality report
1432 parts evaluated by 5 automotive experts
Meter not tampered
Non-flooded
Core structure intact
Core systems
Engine, transmission & chassis
9.6
Excellent
Supporting systems
Fuel supply, ignition & other systems
9.1
Excellent
Interiors & AC
Seats, AC, audio & other features
7.6
Fair
Few flaws in audio & infotainment, functionality remains good
Comes with ₹31,000 lower price tag because of it
Exteriors & lights
Panels, glasses, lights & fixtures
8.1
Good
Wear & tear parts
Tyres, clutch, brakes & more
8.5
Good
View full report
Next service due after 12 months or 10,000 km
(whichever comes first post delivery)"
2022 Kia Seltos HTX 1.5 IVT,"₹ 10,22,400","Car Overview
Make Year
Apr 2022
Registration Year
May 2022
Fuel Type
Petrol (BSVI)
Km driven
54K km
Transmission
Automatic (CVT)
No. of Owner
1st Owner
Insurance Validity
Apr 2027
Insurance Type
Third Party
RTO
TS08
Car Location
Kukatpally, Hyderabad","Quality report
1452 parts evaluated by 5 automotive experts
Meter not tampered
Non-flooded
Core structure intact
Core systems
Engine, transmission & chassis
9.8
Excellent
Supporting systems
Fuel supply, ignition & other systems
9.6
Excellent
Interiors & AC
Seats, AC, audio & other features
9.1
Excellent
Exteriors & lights
Panels, glasses, lights & fixtures
8.9
Good
Wear & tear parts
Tyres, clutch, brakes & more
8.2
Good
View full report
Next service due after 12 months or 10,000 km
(whichever comes first post delivery)"
2022 Kia Sonet Anniversary Edition 1.5,"₹ 7,26,400","Car Overview
Make Year
Apr 2022
Registration Year
Oct 2022
Fuel Type
Diesel (BSVI)
Km driven
69K km
Transmission
Manual (Regular)
No. of Owner
1st Owner
Insurance Validity
Apr 2027
Insurance Type
Third Party
RTO
TS07
Car Location
Uppal, Hyderabad","Quality report
1576 parts evaluated by 5 automotive experts
Meter not tampered
Non-flooded
Core structure intact
Core systems
Engine, transmission & chassis
9.6
Excellent
Supporting systems
Fuel supply, ignition & other systems
9.4
Excellent
Interiors & AC
Seats, AC, audio & other features
8.7
Good
Exteriors & lights
Panels, glasses, lights & fixtures
8.4
Good
Wear & tear parts
Tyres, clutch, brakes & more
8.0
Good
View full report
Next service due after 12 months or 10,000 km
(whichever comes first post delivery)"
2020 Kia Seltos HTX 1.5,"₹ 8,16,000","Car Overview
Make Year
Jul 2020
Registration Year
Jul 2020
Fuel Type
Petrol (BSVI)
Km driven
66K km
Transmission
Manual (Regular)
No. of Owner
1st Owner
Insurance Validity
Aug 2026
Insurance Type
Comprehensive
RTO
AP39
Car Location
Kukatpally, Hyderabad","Quality report
1573 parts evaluated by 5 automotive experts
Meter not tampered
Non-flooded
Core structure intact
Core systems
Engine, transmission & chassis
9.8
Excellent
Supporting systems
Fuel supply, ignition & other systems
9.6
Excellent
Interiors & AC
Seats, AC, audio & other features
8.9
Good
Exteriors & lights
Panels, glasses, lights & fixtures
8.9
Good
Wear & tear parts
Tyres, clutch, brakes & more
8.3
Good
View full report
Next service due after 12 months or 10,000 km
(whichever comes first post delivery)"
2021 Kia Seltos GTX Plus 1.5 Diesel AT,"₹ 10,07,200","Car Overview
Make Year
Oct 2021
Registration Year
Dec 2021
Fuel Type
Diesel (BSIV)
Km driven
120K km
Transmission
Automatic (Torque Convertor)
No. of Owner
1st Owner
Insurance Validity
Nov 2026
Insurance Type
Comprehensive
RTO
TS11
Car Location
Kukatpally, Hyderabad","Quality report
1432 parts evaluated by 5 automotive experts
Meter not tampered
Non-flooded
Core structure intact
Core systems
Engine, transmission & chassis
9.5
Excellent
Supporting systems
Fuel supply, ignition & other systems
8.5
Good
Interiors & AC
Seats, AC, audio & other features
8.2
Good
Exteriors & lights
Panels, glasses, lights & fixtures
8.7
Good
Wear & tear parts
Tyres, clutch, brakes & more
8.6
Good
View full report
No immediate servicing required
(Inquire at test drive for more details)"
2022 Volkswagen Taigun Highline 1.0 TSI MT,"₹ 7,64,800","Car Overview
Make Year
Mar 2022
Registration Year
Jun 2022
Fuel Type
Petrol (BSVI)
Km driven
62K km
Transmission
Manual (Regular)
No. of Owner
1st Owner
Insurance Validity
Apr 2027
Insurance Type
Third Party
RTO
TS08
Car Location
Kukatpally, Hyderabad","Quality report
1573 parts evaluated by 5 automotive experts
Meter not tampered
Non-flooded
Core structure intact
Core systems
Engine, transmission & chassis
9.8
Excellent
Supporting systems
Fuel supply, ignition & other systems
9.6
Excellent
Interiors & AC
Seats, AC, audio & other features
9.1
Excellent
Exteriors & lights
Panels, glasses, lights & fixtures
8.8
Good
Wear & tear parts
Tyres, clutch, brakes & more
8.3
Good
View full report
No immediate servicing required
(Inquire at test drive for more details)"
2015 Ford EcoSport Trend 1.5 TDCi,"₹ 3,47,200","Car Overview
Make Year
Aug 2015
Registration Year
Nov 2015
Fuel Type
Diesel (BSIV)
Km driven
143K km
Transmission
Manual (Regular)
No. of Owner
1st Owner
Insurance Validity
Apr 2027
Insurance Type
Third Party
RTO
TS13
Car Location
Uppal, Hyderabad","Quality report
1576 parts evaluated by 5 automotive experts
Meter not tampered
Non-flooded
Core structure intact
Core systems
Engine, transmission & chassis
9.5
Excellent
Supporting systems
Fuel supply, ignition & other systems
9.1
Excellent
Interiors & AC
Seats, AC, audio & other features
8.1
Good
Exteriors & lights
Panels, glasses, lights & fixtures
7.6
Fair
Imperfections on body fixtures & trims but no impact on fit/finish
Comes with ₹10,000 lower price tag because of it
Wear & tear parts
Tyres, clutch, brakes & more
8.4
Good
View full report
Next service due after 12 months or 10,000 km
(whichever comes first post delivery)"
2023 Kia Sonet GTX Plus 1.0 DCT,"₹ 9,57,600","Car Overview
Make Year
Jan 2023
Registration Year
Feb 2023
Fuel Type
Petrol (BSVI)
Km driven
35K km
Transmission
Automatic (DCT)
No. of Owner
1st Owner
Insurance Validity
Jan 2027
Insurance Type
Comprehensive
RTO
TS13
Car Location
Uppal, Hyderabad","Quality report
1452 parts evaluated by 5 automotive experts
Meter not tampered
Non-flooded
Core structure intact
Core systems
Engine, transmission & chassis
9.9
Excellent
Supporting systems
Fuel supply, ignition & other systems
9.7
Excellent
Interiors & AC
Seats, AC, audio & other features
9.3
Excellent
Exteriors & lights
Panels, glasses, lights & fixtures
9.4
Excellent
Wear & tear parts
Tyres, clutch, brakes & more
8.2
Good
View full report
Next service due after 12 months or 10,000 km
(whichever comes first post delivery)"
2016 Ford EcoSport Titanium 1.5L Ti-VCT,"₹ 4,10,400","Car Overview
Make Year
Nov 2016
Registration Year
Dec 2016
Fuel Type
Petrol (BSIV)
Km driven
111K km
Transmission
Manual (Regular)
No. of Owner
1st Owner
Insurance Validity
Nov 2026
Insurance Type
Comprehensive
RTO
TS15
Car Location
Kukatpally, Hyderabad","Quality report
1573 parts evaluated by 5 automotive experts
Meter not tampered
Non-flooded
Core structure intact
Core systems
Engine, transmission & chassis
9.6
Excellent
Supporting systems
Fuel supply, ignition & other systems
9.2
Excellent
Interiors & AC
Seats, AC, audio & other features
8.3
Good
Exteriors & lights
Panels, glasses, lights & fixtures
8.1
Good
Wear & tear parts
Tyres, clutch, brakes & more
8.6
Good
View full report
Next service due after 12 months or 10,000 km
(whichever comes first post delivery)"
2023 Tata Nexon Fearless Plus 1.2 Revotron Petrol 6MT,"₹ 8,47,164","Car Overview
Make Year
Aug 2023
Registration Year
Nov 2023
Fuel Type
Petrol
Km driven
28K km
Transmission
Manual (Regular)
No. of Owner
1st Owner
Insurance Validity
Apr 2027
Insurance Type
Third Party
RTO
TS07
Car Location
Uppal, Hyderabad","Quality report
1573 parts evaluated by 5 automotive experts
Meter not tampered
Non-flooded
Core structure intact
Core systems
Engine, transmission & chassis
9.9
Excellent
Supporting systems
Fuel supply, ignition & other systems
9.8
Excellent
Interiors & AC
Seats, AC, audio & other features
8.6
Good
Exteriors & lights
Panels, glasses, lights & fixtures
9.4
Excellent
Wear & tear parts
Tyres, clutch, brakes & more
9.0
Excellent
View full report
Next service due after 12 months or 15,000 km
(whichever comes first post delivery)"
2016 Ford EcoSport Titanium+ 1.5L TDCi,"₹ 4,44,000","Car Overview
Make Year
Aug 2016
Registration Year
Nov 2016
Fuel Type
Diesel (BSIV)
Km driven
132K km
Transmission
Manual (Regular)
No. of Owner
1st Owner
Insurance Validity
Apr 2027
Insurance Type
Third Party
RTO
TS13
Car Location
Uppal, Hyderabad","Quality report
1576 parts evaluated by 5 automotive experts
Meter not tampered
Non-flooded
Core structure intact
Core systems
Engine, transmission & chassis
9.1
Excellent
Supporting systems
Fuel supply, ignition & other systems
8.4
Good
Interiors & AC
Seats, AC, audio & other features
7.2
Fair
Few flaws in ac, cooling remains reliable
Comes with ₹17,000 lower price tag because of it
Exteriors & lights
Panels, glasses, lights & fixtures
7.9
Fair
Imperfections on body fixtures & trims but no impact on fit/finish
Comes with ₹10,000 lower price tag because of it
Wear & tear parts
Tyres, clutch, brakes & more
8.0
Good
View full report
Next service due after 12 months or 10,000 km
(whichever comes first post delivery)"
2023 Hyundai Alcazar Signature 6 STR 1.5 Diesel*,"₹ 11,95,164","Car Overview
*Note:   Make & registration years are different.
Make Year
Nov 2022
Registration Year
Jun 2023
Fuel Type
Diesel (BSVI)
Km driven
70K km
Transmission
Manual (Regular)
No. of Owner
1st Owner
Insurance Validity
Apr 2027
Insurance Type
Third Party
RTO
TS08
Car Location
Kukatpally, Hyderabad","Quality report
1576 parts evaluated by 5 automotive experts
Meter not tampered
Non-flooded
Core structure intact
Core systems
Engine, transmission & chassis
9.7
Excellent
Supporting systems
Fuel supply, ignition & other systems
9.1
Excellent
Interiors & AC
Seats, AC, audio & other features
9.0
Excellent
Exteriors & lights
Panels, glasses, lights & fixtures
9.0
Excellent
Wear & tear parts
Tyres, clutch, brakes & more
8.5
Good
View full report
Next service due after 12 months or 10,000 km
(whichever comes first post delivery)"
2022 Tata Nexon XZA Plus (O) Dual Tone,"₹ 8,06,400","Car Overview
Make Year
Mar 2022
Registration Year
Apr 2022
Fuel Type
Petrol (BSVI)
Km driven
41K km
Transmission
Automatic (AMT)
No. of Owner
1st Owner
Insurance Validity
Apr 2027
Insurance Type
Third Party
RTO
TS08
Car Location
Kukatpally, Hyderabad","Quality report
1452 parts evaluated by 5 automotive experts
Meter not tampered
Non-flooded
Core structure intact
Core systems
Engine, transmission & chassis
9.8
Excellent
Supporting systems
Fuel supply, ignition & other systems
9.6
Excellent
Interiors & AC
Seats, AC, audio & other features
9.1
Excellent
Exteriors & lights
Panels, glasses, lights & fixtures
8.5
Good
Wear & tear parts
Tyres, clutch, brakes & more
8.0
Good
View full report
Next service due after 12 months or 15,000 km
(whichever comes first post delivery)"
2022 Renault Kiger RXZ Turbo CVT Dual Tone,"₹ 6,19,200","Car Overview
Make Year
Jan 2022
Registration Year
Apr 2022
Fuel Type
Petrol (BSVI)
Km driven
45K km
Transmission
Automatic (CVT)
No. of Owner
1st Owner
Insurance Validity
Apr 2027
Insurance Type
Third Party
RTO
TS08
Car Location
Uppal, Hyderabad","Quality report
1452 parts evaluated by 5 automotive experts
Meter not tampered
Non-flooded
Core structure intact
Core systems
Engine, transmission & chassis
9.8
Excellent
Supporting systems
Fuel supply, ignition & other systems
9.7
Excellent
Interiors & AC
Seats, AC, audio & other features
9.4
Excellent
Exteriors & lights
Panels, glasses, lights & fixtures
9.1
Excellent
Wear & tear parts
Tyres, clutch, brakes & more
8.3
Good
View full report
No immediate servicing required
(Inquire at test drive for more details)"
2021 Kia Seltos HTX 1.5 IVT,"₹ 7,90,400","Car Overview
Make Year
Aug 2021
Registration Year
Sep 2021
Fuel Type
Petrol (BSVI)
Km driven
84K km
Transmission
Automatic (CVT)
No. of Owner
2nd Owner
Insurance Validity
Apr 2027
Insurance Type
Third Party
RTO
AP39
Car Location
Uppal, Hyderabad","Quality report
1452 parts evaluated by 5 automotive experts
Meter not tampered
Non-flooded
Core structure intact
Core systems
Engine, transmission & chassis
9.7
Excellent
Supporting systems
Fuel supply, ignition & other systems
9.4
Excellent
Interiors & AC
Seats, AC, audio & other features
8.7
Good
Exteriors & lights
Panels, glasses, lights & fixtures
8.4
Good
Wear & tear parts
Tyres, clutch, brakes & more
7.4
Fair
Steering has few imperfections, response still smooth
Comes with ₹46,000 lower price tag because of it
View full report
Next service due after 12 months or 10,000 km
(whichever comes first post delivery)"
2022 Kia Seltos GTX Plus 1.4 DCT,"₹ 11,54,400","Car Overview
Make Year
Jul 2022
Registration Year
Sep 2022
Fuel Type
Petrol (BSVI)
Km driven
41K km
Transmission
Automatic (DCT)
No. of Owner
1st Owner
Insurance Validity
Apr 2027
Insurance Type
Third Party
RTO
TS08
Car Location
Kukatpally, Hyderabad","Quality report
1452 parts evaluated by 5 automotive experts
Meter not tampered
Non-flooded
Core structure intact
Core systems
Engine, transmission & chassis
9.6
Excellent
Supporting systems
Fuel supply, ignition & other systems
9.6
Excellent
Interiors & AC
Seats, AC, audio & other features
9.4
Excellent
Exteriors & lights
Panels, glasses, lights & fixtures
8.8
Good
Wear & tear parts
Tyres, clutch, brakes & more
8.0
Good
View full report
No immediate servicing required
(Inquire at test drive for more details)"
2018 Mahindra XUV500 W11 AT,"₹ 9,73,522","Car Overview
Make Year
May 2018
Registration Year
Jun 2018
Fuel Type
Diesel (BSIV)
Km driven
76K km
Transmission
Automatic (Torque Convertor)
No. of Owner
1st Owner
Insurance Validity
Apr 2027
Insurance Type
Third Party
RTO
TS09
Car Location
Kukatpally, Hyderabad","Quality report
1432 parts evaluated by 5 automotive experts
Meter not tampered
Non-flooded
Core structure intact
Core systems
Engine, transmission & chassis
9.3
Excellent
Supporting systems
Fuel supply, ignition & other systems
9.5
Excellent
Interiors & AC
Seats, AC, audio & other features
8.3
Good
Exteriors & lights
Panels, glasses, lights & fixtures
8.6
Good
Wear & tear parts
Tyres, clutch, brakes & more
8.3
Good
View full report
Next service due after 12 months or 10,000 km
(whichever comes first post delivery)"
2024 Maruti Suzuki Brezza ZXi Plus*,"₹ 8,43,200","Car Overview
*Note:   Make & registration years are different.
Make Year
Sep 2023
Registration Year
Mar 2024
Fuel Type
Petrol (BSVI)
Km driven
20K km
Transmission
Manual (Regular)
No. of Owner
2nd Owner
Insurance Validity
Jan 2027
Insurance Type
Comprehensive
RTO
TS11
Car Location
Uppal, Hyderabad","Quality report
1573 parts evaluated by 5 automotive experts
Meter not tampered
Non-flooded
Core structure intact
Core systems
Engine, transmission & chassis
9.9
Excellent
Supporting systems
Fuel supply, ignition & other systems
9.9
Excellent
Interiors & AC
Seats, AC, audio & other features
9.7
Excellent
Exteriors & lights
Panels, glasses, lights & fixtures
9.5
Excellent
Wear & tear parts
Tyres, clutch, brakes & more
9.3
Excellent
View full report
Next service due after 12 months or 10,000 km
(whichever comes first post delivery)"
2023 Tata Nexon XM Plus (S) Diesel,"₹ 7,44,000","Car Overview
Make Year
Jan 2023
Registration Year
Mar 2023
Fuel Type
Diesel (BSVI)
Km driven
49K km
Transmission
Manual (Regular)
No. of Owner
1st Owner
Insurance Validity
Feb 2027
Insurance Type
Comprehensive
RTO
TS09
Car Location
Uppal, Hyderabad","Quality report
1576 parts evaluated by 5 automotive experts
Meter not tampered
Non-flooded
Core structure intact
Core systems
Engine, transmission & chassis
9.8
Excellent
Supporting systems
Fuel supply, ignition & other systems
9.7
Excellent
Interiors & AC
Seats, AC, audio & other features
8.9
Good
Exteriors & lights
Panels, glasses, lights & fixtures
8.4
Good
Wear & tear parts
Tyres, clutch, brakes & more
8.6
Good
View full report
Next service due after 12 months or 15,000 km
(whichever comes first post delivery)"
2020 Kia Sonet GTX Plus 1.0 DCT,"₹ 7,51,200","Car Overview
Make Year
Nov 2020
Registration Year
Dec 2020
Fuel Type
Petrol (BSVI)
Km driven
43K km
Transmission
Automatic (DCT)
No. of Owner
1st Owner
Insurance Validity
Nov 2026
Insurance Type
Comprehensive
RTO
TS08
Car Location
Kukatpally, Hyderabad","Quality report
1452 parts evaluated by 5 automotive experts
Meter not tampered
Non-flooded
Core structure intact
Core systems
Engine, transmission & chassis
9.7
Excellent
Supporting systems
Fuel supply, ignition & other systems
9.7
Excellent
Interiors & AC
Seats, AC, audio & other features
9.0
Excellent
Exteriors & lights
Panels, glasses, lights & fixtures
8.8
Good
Wear & tear parts
Tyres, clutch, brakes & more
8.5
Good
View full report
Next service due after 12 months or 10,000 km
(whichever comes first post delivery)"
2022 Renault Kiger RXZ MT,"₹ 4,59,200","Car Overview
Make Year
May 2022
Registration Year
Jun 2022
Fuel Type
Petrol (BSVI)
Km driven
93K km
Transmission
Manual (Regular)
No. of Owner
1st Owner
Insurance Validity
Apr 2027
Insurance Type
Third Party
RTO
AP39
Car Location
Uppal, Hyderabad","Quality report
1573 parts evaluated by 5 automotive experts
Meter not tampered
Non-flooded
Core structure intact
Core systems
Engine, transmission & chassis
9.7
Excellent
Supporting systems
Fuel supply, ignition & other systems
9.3
Excellent
Interiors & AC
Seats, AC, audio & other features
8.3
Good
Exteriors & lights
Panels, glasses, lights & fixtures
8.2
Good
Wear & tear parts
Tyres, clutch, brakes & more
8.1
Good
View full report
Next service due after 12 months or 10,000 km
(whichever comes first post delivery)"
2019 Kia Seltos GTX Plus DCT 1.4,"₹ 8,10,400","Car Overview
Make Year
Sep 2019
Registration Year
Nov 2019
Fuel Type
Petrol (BSVI)
Km driven
106K km
Transmission
Automatic (DCT)
No. of Owner
1st Owner
Insurance Validity
Apr 2027
Insurance Type
Third Party
RTO
TS07
Car Location
Kukatpally, Hyderabad","Quality report
1452 parts evaluated by 5 automotive experts
Meter not tampered
Non-flooded
Core structure intact
Core systems
Engine, transmission & chassis
9.6
Excellent
Supporting systems
Fuel supply, ignition & other systems
9.2
Excellent
Interiors & AC
Seats, AC, audio & other features
8.2
Good
Exteriors & lights
Panels, glasses, lights & fixtures
8.0
Good
Wear & tear parts
Tyres, clutch, brakes & more
7.4
Fair
Few components have experienced wear and tear
Comes with ₹49,000 lower price tag because of it
View full report
No immediate servicing required
(Inquire at test drive for more details)"
2020 Kia Seltos GTX Plus DCT 1.4*,"₹ 7,67,200","Car Overview
*Note:   Make & registration years are different.
Make Year
Nov 2019
Registration Year
Feb 2020
Fuel Type
Petrol (BSVI)
Km driven
109K km
Transmission
Automatic (DCT)
No. of Owner
2nd Owner
Insurance Validity
Apr 2027
Insurance Type
Third Party
RTO
TS07
Car Location
Kukatpally, Hyderabad","Quality report
1452 parts evaluated by 5 automotive experts
Meter not tampered
Non-flooded
Core structure intact
Core systems
Engine, transmission & chassis
9.6
Excellent
Supporting systems
Fuel supply, ignition & other systems
8.8
Good
Interiors & AC
Seats, AC, audio & other features
7.8
Fair
Few flaws in features & accessories, feature functionality remains reliable
Comes with ₹24,000 lower price tag because of it
Exteriors & lights
Panels, glasses, lights & fixtures
8.1
Good
Wear & tear parts
Tyres, clutch, brakes & more
8.0
Good
View full report
No immediate servicing required
(Inquire at test drive for more details)"
2020 Kia Seltos GTX Plus DCT 1.4*,"₹ 8,54,400","Car Overview
*Note:   Make & registration years are different.
Make Year
Nov 2019
Registration Year
Feb 2020
Fuel Type
Petrol (BSIV)
Km driven
90K km
Transmission
Automatic (DCT)
No. of Owner
1st Owner
Insurance Validity
Apr 2027
Insurance Type
Third Party
RTO
TS09
Car Location
Kukatpally, Hyderabad","Quality report
1452 parts evaluated by 5 automotive experts
Meter not tampered
Non-flooded
Core structure intact
Core systems
Engine, transmission & chassis
9.7
Excellent
Supporting systems
Fuel supply, ignition & other systems
9.3
Excellent
Interiors & AC
Seats, AC, audio & other features
7.7
Fair
Few flaws in audio & infotainment, functionality remains good
Comes with ₹28,000 lower price tag because of it
Exteriors & lights
Panels, glasses, lights & fixtures
8.0
Good
Wear & tear parts
Tyres, clutch, brakes & more
8.1
Good
View full report
No immediate servicing required
(Inquire at test drive for more details)"
2022 MG Motors Hector Sharp 1.5 Petrol CVT,Priced ~₹11 lakhs lower compared to it's original new car on-road price,"Car Overview
Make Year
Feb 2022
Registration Year
Apr 2022
Fuel Type
Petrol (BSVI)
Km driven
64K km
Transmission
Automatic (CVT)
No. of Owner
1st Owner
Insurance Validity
Apr 2027
Insurance Type
Third Party
RTO
TS13
Car Location
Kukatpally, Hyderabad","Quality report
1452 parts evaluated by 5 automotive experts
Meter not tampered
Non-flooded
Core structure intact
Core systems
Engine, transmission & chassis
9.8
Excellent
Supporting systems
Fuel supply, ignition & other systems
9.6
Excellent
Interiors & AC
Seats, AC, audio & other features
9.3
Excellent
Exteriors & lights
Panels, glasses, lights & fixtures
9.3
Excellent
Wear & tear parts
Tyres, clutch, brakes & more
8.3
Good
View full report
Next service due after 12 months or 10,000 km
(whichever comes first post delivery)"
2023 Maruti Suzuki Fronx Alpha 1.0L Turbo 6 AT,"₹ 7,63,200","Car Overview
Make Year
Apr 2023
Registration Year
May 2023
Fuel Type
Petrol (BSVI)
Km driven
88K km
Transmission
Automatic (Torque Convertor)
No. of Owner
1st Owner
Insurance Validity
Apr 2027
Insurance Type
Third Party
RTO
AP39
Car Location
Uppal, Hyderabad","Quality report
1452 parts evaluated by 5 automotive experts
Meter not tampered
Non-flooded
Core structure intact
Core systems
Engine, transmission & chassis
9.7
Excellent
Supporting systems
Fuel supply, ignition & other systems
9.4
Excellent
Interiors & AC
Seats, AC, audio & other features
8.5
Good
Exteriors & lights
Panels, glasses, lights & fixtures
7.9
Fair
Imperfections on glasses & mirrors but no impact on visibility
Comes with ₹29,000 lower price tag because of it
Wear & tear parts
Tyres, clutch, brakes & more
7.3
Fair
Few components have experienced wear and tear
Comes with ₹50,000 lower price tag because of it
View full report
Next service due after 12 months or 10,000 km
(whichever comes first post delivery)"
2021 Renault Kiger RXZ Turbo CVT,"₹ 5,84,800","Car Overview
Make Year
Mar 2021
Registration Year
Jun 2021
Fuel Type
Petrol
Km driven
50K km
Transmission
Automatic (CVT)
No. of Owner
1st Owner
Insurance Validity
Apr 2027
Insurance Type
Third Party
RTO
TS07
Car Location
Uppal, Hyderabad","Quality report
1452 parts evaluated by 5 automotive experts
Meter not tampered
Non-flooded
Core structure intact
Core systems
Engine, transmission & chassis
9.8
Excellent
Supporting systems
Fuel supply, ignition & other systems
9.4
Excellent
Interiors & AC
Seats, AC, audio & other features
8.2
Good
Exteriors & lights
Panels, glasses, lights & fixtures
8.5
Good
Wear & tear parts
Tyres, clutch, brakes & more
8.2
Good
View full report
No immediate servicing required
(Inquire at test drive for more details)"
2020 Hyundai Creta SX (O) 1.5 Diesel,"₹ 10,13,564","Car Overview
Make Year
Aug 2020
Registration Year
Sep 2020
Fuel Type
Diesel (BSVI)
Km driven
52K km
Transmission
Manual (Regular)
No. of Owner
2nd Owner
Insurance Validity
Apr 2027
Insurance Type
Third Party
RTO
TS09
Car Location
Uppal, Hyderabad","Quality report
1576 parts evaluated by 5 automotive experts
Meter not tampered
Non-flooded
Core structure intact
Core systems
Engine, transmission & chassis
9.7
Excellent
Supporting systems
Fuel supply, ignition & other systems
9.5
Excellent
Interiors & AC
Seats, AC, audio & other features
9.3
Excellent
Exteriors & lights
Panels, glasses, lights & fixtures
8.9
Good
Wear & tear parts
Tyres, clutch, brakes & more
8.5
Good
View full report
Next service due after 12 months or 10,000 km
(whichever comes first post delivery)"
2022 Kia Seltos GTX Plus 1.5 Diesel AT,"₹ 11,69,600","Car Overview
Make Year
Mar 2022
Registration Year
Mar 2022
Fuel Type
Diesel (BSVI)
Km driven
49K km
Transmission
Automatic (Torque Convertor)
No. of Owner
2nd Owner
Insurance Validity
Sep 2026
Insurance Type
Comprehensive
RTO
TS07
Car Location
Kukatpally, Hyderabad","Quality report
1432 parts evaluated by 5 automotive experts
Meter not tampered
Non-flooded
Core structure intact
Core systems
Engine, transmission & chassis
9.8
Excellent
Supporting systems
Fuel supply, ignition & other systems
9.6
Excellent
Interiors & AC
Seats, AC, audio & other features
9.4
Excellent
Exteriors & lights
Panels, glasses, lights & fixtures
9.1
Excellent
Wear & tear parts
Tyres, clutch, brakes & more
8.2
Good
View full report
Next service due after 12 months or 10,000 km
(whichever comes first post delivery)"
2022 Tata Nexon XZ Plus Diesel,"₹ 6,72,800","Car Overview
Make Year
Jul 2022
Registration Year
Oct 2022
Fuel Type
Diesel (BSVI)
Km driven
105K km
Transmission
Manual (Regular)
No. of Owner
1st Owner
Insurance Validity
Apr 2027
Insurance Type
Third Party
RTO
TS13
Car Location
Uppal, Hyderabad","Quality report
1576 parts evaluated by 5 automotive experts
Meter not tampered
Non-flooded
Core structure intact
Core systems
Engine, transmission & chassis
9.3
Excellent
Supporting systems
Fuel supply, ignition & other systems
8.4
Good
Interiors & AC
Seats, AC, audio & other features
8.5
Good
Exteriors & lights
Panels, glasses, lights & fixtures
7.8
Fair
Imperfections on body fixtures & trims but no impact on fit/finish
Comes with ₹16,000 lower price tag because of it
Wear & tear parts
Tyres, clutch, brakes & more
8.6
Good
View full report
Next service due after 12 months or 15,000 km
(whichever comes first post delivery)"
2019 Kia Seltos GTX Plus 1.4,"₹ 8,68,000","Car Overview
Make Year
Aug 2019
Registration Year
Oct 2019
Fuel Type
Petrol (BSIV)
Km driven
64K km
Transmission
Manual (Regular)
No. of Owner
1st Owner
Insurance Validity
Sep 2026
Insurance Type
Comprehensive
RTO
TS10
Car Location
Uppal, Hyderabad","Quality report
1573 parts evaluated by 5 automotive experts
Meter not tampered
Non-flooded
Core structure intact
Core systems
Engine, transmission & chassis
9.8
Excellent
Supporting systems
Fuel supply, ignition & other systems
9.4
Excellent
Interiors & AC
Seats, AC, audio & other features
9.0
Excellent
Exteriors & lights
Panels, glasses, lights & fixtures
8.6
Good
Wear & tear parts
Tyres, clutch, brakes & more
8.0
Good
View full report
No immediate servicing required
(Inquire at test drive for more details)"
2017 Maruti Suzuki Vitara Brezza ZDi+ Dual Tone,"₹ 5,55,200","Car Overview
Make Year
Feb 2017
Registration Year
Apr 2017
Fuel Type
Diesel (BSIV)
Km driven
105K km
Transmission
Manual (Regular)
No. of Owner
1st Owner
Insurance Validity
Apr 2027
Insurance Type
Third Party
RTO
TS31
Car Location
Uppal, Hyderabad","Quality report
1576 parts evaluated by 5 automotive experts
Meter not tampered
Non-flooded
Core structure intact
Core systems
Engine, transmission & chassis
9.6
Excellent
Supporting systems
Fuel supply, ignition & other systems
9.3
Excellent
Interiors & AC
Seats, AC, audio & other features
8.3
Good
Exteriors & lights
Panels, glasses, lights & fixtures
7.7
Fair
Imperfections on glasses & mirrors but no impact on visibility
Comes with ₹16,000 lower price tag because of it
Wear & tear parts
Tyres, clutch, brakes & more
8.1
Good
View full report
Next service due after 12 months or 10,000 km
(whichever comes first post delivery)"
2021 MG Motors Hector Plus Sharp 2.0 Diesel Turbo MT 6-STR,"₹ 11,42,321","Car Overview
Make Year
Nov 2021
Registration Year
Dec 2021
Fuel Type
Diesel (BSVI)
Km driven
51K km
Transmission
Manual (Regular)
No. of Owner
1st Owner
Insurance Validity
Apr 2027
Insurance Type
Third Party
RTO
AP39
Car Location
Kukatpally, Hyderabad","Quality report
1576 parts evaluated by 5 automotive experts
Meter not tampered
Non-flooded
Core structure intact
Core systems
Engine, transmission & chassis
9.8
Excellent
Supporting systems
Fuel supply, ignition & other systems
8.9
Good
Interiors & AC
Seats, AC, audio & other features
8.9
Good
Exteriors & lights
Panels, glasses, lights & fixtures
8.9
Good
Wear & tear parts
Tyres, clutch, brakes & more
8.4
Good
View full report
No immediate servicing required
(Inquire at test drive for more details)"
2022 MG Motors Hector Plus Sharp 1.5 Petrol Turbo CVT 6-STR,"₹ 11,75,164","Car Overview
Make Year
Mar 2022
Registration Year
May 2022
Fuel Type
Petrol (BSVI)
Km driven
62K km
Transmission
Automatic (DCT)
No. of Owner
1st Owner
Insurance Validity
Apr 2027
Insurance Type
Third Party
RTO
TS08
Car Location
Kukatpally, Hyderabad","Quality report
1452 parts evaluated by 5 automotive experts
Meter not tampered
Non-flooded
Core structure intact
Core systems
Engine, transmission & chassis
9.7
Excellent
Supporting systems
Fuel supply, ignition & other systems
9.3
Excellent
Interiors & AC
Seats, AC, audio & other features
8.9
Good
Exteriors & lights
Panels, glasses, lights & fixtures
8.1
Good
Wear & tear parts
Tyres, clutch, brakes & more
8.4
Good
View full report
Next service due after 12 months or 10,000 km
(whichever comes first post delivery)"
2021 Kia Sonet HTX 1.5,"₹ 7,40,000","Car Overview
Make Year
Feb 2021
Registration Year
Mar 2021
Fuel Type
Diesel (BSIV)
Km driven
46K km
Transmission
Manual (Regular)
No. of Owner
1st Owner
Insurance Validity
Apr 2027
Insurance Type
Third Party
RTO
TS08
Car Location
Uppal, Hyderabad","Quality report
1576 parts evaluated by 5 automotive experts
Meter not tampered
Non-flooded
Core structure intact
Core systems
Engine, transmission & chassis
9.7
Excellent
Supporting systems
Fuel supply, ignition & other systems
9.5
Excellent
Interiors & AC
Seats, AC, audio & other features
8.8
Good
Exteriors & lights
Panels, glasses, lights & fixtures
9.0
Excellent
Wear & tear parts
Tyres, clutch, brakes & more
8.2
Good
View full report
Next service due after 12 months or 10,000 km
(whichever comes first post delivery)"
2024 Maruti Suzuki Fronx Alpha 1.0L Turbo MT*,"₹ 8,01,600","Car Overview
*Note:   Make & registration years are different.
Make Year
Apr 2023
Registration Year
Jan 2024
Fuel Type
Petrol
Km driven
12K km
Transmission
Manual (Regular)
No. of Owner
1st Owner
Insurance Validity
Dec 2026
Insurance Type
Comprehensive
RTO
TS07
Car Location
Uppal, Hyderabad","Quality report
1573 parts evaluated by 5 automotive experts
Meter not tampered
Non-flooded
Core structure intact
Core systems
Engine, transmission & chassis
9.9
Excellent
Supporting systems
Fuel supply, ignition & other systems
9.9
Excellent
Interiors & AC
Seats, AC, audio & other features
9.8
Excellent
Exteriors & lights
Panels, glasses, lights & fixtures
9.2
Excellent
Wear & tear parts
Tyres, clutch, brakes & more
9.2
Excellent
View full report
Next service due after 12 months or 10,000 km
(whichever comes first post delivery)"
2019 Hyundai Creta SX 1.6 AT CRDi*,"₹ 8,00,800","Car Overview
*Note:   Make & registration years are different.
Make Year
Nov 2018
Registration Year
Mar 2019
Fuel Type
Diesel (BSIV)
Km driven
92K km
Transmission
Automatic (Torque Convertor)
No. of Owner
1st Owner
Insurance Validity
Feb 2027
Insurance Type
Comprehensive
RTO
TS07
Car Location
Kukatpally, Hyderabad","Quality report
1432 parts evaluated by 5 automotive experts
Meter not tampered
Non-flooded
Core structure intact
Core systems
Engine, transmission & chassis
9.5
Excellent
Supporting systems
Fuel supply, ignition & other systems
8.9
Good
Interiors & AC
Seats, AC, audio & other features
8.3
Good
Exteriors & lights
Panels, glasses, lights & fixtures
7.7
Fair
Imperfections on glasses & mirrors but no impact on visibility
Comes with ₹30,000 lower price tag because of it
Wear & tear parts
Tyres, clutch, brakes & more
8.0
Good
View full report
Next service due after 12 months or 10,000 km
(whichever comes first post delivery)"
2020 Kia Seltos HTX 1.5,"₹ 8,20,800","Car Overview
Make Year
Aug 2020
Registration Year
Oct 2020
Fuel Type
Petrol (BSVI)
Km driven
46K km
Transmission
Manual (Regular)
No. of Owner
1st Owner
Insurance Validity
Sep 2028
Insurance Type
Comprehensive
RTO
TS07
Car Location
Kukatpally, Hyderabad","Quality report
1573 parts evaluated by 5 automotive experts
Meter not tampered
Non-flooded
Core structure intact
Core systems
Engine, transmission & chassis
9.8
Excellent
Supporting systems
Fuel supply, ignition & other systems
9.6
Excellent
Interiors & AC
Seats, AC, audio & other features
8.6
Good
Exteriors & lights
Panels, glasses, lights & fixtures
8.4
Good
Wear & tear parts
Tyres, clutch, brakes & more
8.3
Good
View full report
No immediate servicing required
(Inquire at test drive for more details)"
2023 Kia Seltos GTX Plus 1.4,"₹ 11,77,600","Car Overview
Make Year
Jan 2023
Registration Year
Apr 2023
Fuel Type
Petrol (BSVI)
Km driven
49K km
Transmission
Manual (Regular)
No. of Owner
1st Owner
Insurance Validity
Apr 2027
Insurance Type
Third Party
RTO
TS07
Car Location
Uppal, Hyderabad","Quality report
1573 parts evaluated by 5 automotive experts
Meter not tampered
Non-flooded
Core structure intact
Core systems
Engine, transmission & chassis
9.8
Excellent
Supporting systems
Fuel supply, ignition & other systems
9.7
Excellent
Interiors & AC
Seats, AC, audio & other features
9.1
Excellent
Exteriors & lights
Panels, glasses, lights & fixtures
8.4
Good
Wear & tear parts
Tyres, clutch, brakes & more
8.2
Good
View full report
Next service due after 12 months or 10,000 km
(whichever comes first post delivery)"
2022 Volkswagen Taigun Highline 1.0 TSI MT,"₹ 7,63,200","Car Overview
Make Year
Feb 2022
Registration Year
Jul 2022
Fuel Type
Petrol (BSVI)
Km driven
64K km
Transmission
Manual (Regular)
No. of Owner
1st Owner
Insurance Validity
Apr 2027
Insurance Type
Third Party
RTO
TS07
Car Location
Kukatpally, Hyderabad","Quality report
1573 parts evaluated by 5 automotive experts
Meter not tampered
Non-flooded
Core structure intact
Core systems
Engine, transmission & chassis
9.8
Excellent
Supporting systems
Fuel supply, ignition & other systems
9.6
Excellent
Interiors & AC
Seats, AC, audio & other features
9.2
Excellent
Exteriors & lights
Panels, glasses, lights & fixtures
8.5
Good
Wear & tear parts
Tyres, clutch, brakes & more
8.4
Good
View full report
Next service due after 12 months or 15,000 km
(whichever comes first post delivery)"
2019 Kia Seltos GTX DCT 1.4 Dual Tone,"₹ 9,12,000","Car Overview
Make Year
Aug 2019
Registration Year
Oct 2019
Fuel Type
Petrol (BSIV)
Km driven
37K km
Transmission
Automatic (DCT)
No. of Owner
1st Owner
Insurance Validity
Apr 2027
Insurance Type
Third Party
RTO
TS07
Car Location
Uppal, Hyderabad","Quality report
1452 parts evaluated by 5 automotive experts
Meter not tampered
Non-flooded
Core structure intact
Core systems
Engine, transmission & chassis
9.9
Excellent
Supporting systems
Fuel supply, ignition & other systems
9.6
Excellent
Interiors & AC
Seats, AC, audio & other features
8.7
Good
Exteriors & lights
Panels, glasses, lights & fixtures
8.1
Good
Wear & tear parts
Tyres, clutch, brakes & more
7.9
Fair
Few components have experienced wear and tear
Comes with ₹42,000 lower price tag because of it
View full report
Next service due after 12 months or 10,000 km
(whichever comes first post delivery)"
2018 Hyundai Creta SX 1.6 (O) Petrol,"₹ 7,70,400","Car Overview
Make Year
May 2018
Registration Year
Aug 2018
Fuel Type
Petrol (BSIV)
Km driven
48K km
Transmission
Manual (Regular)
No. of Owner
1st Owner
Insurance Validity
Apr 2027
Insurance Type
Third Party
RTO
TS12
Car Location
Kukatpally, Hyderabad","Quality report
1573 parts evaluated by 5 automotive experts
Meter not tampered
Non-flooded
Core structure intact
Core systems
Engine, transmission & chassis
9.8
Excellent
Supporting systems
Fuel supply, ignition & other systems
9.7
Excellent
Interiors & AC
Seats, AC, audio & other features
8.8
Good
Exteriors & lights
Panels, glasses, lights & fixtures
8.4
Good
Wear & tear parts
Tyres, clutch, brakes & more
8.2
Good
View full report
Next service due after 12 months or 10,000 km
(whichever comes first post delivery)"
2015 Ford EcoSport Titanium 1.5 TDCi,"₹ 3,82,400","Car Overview
Make Year
Mar 2015
Registration Year
Apr 2015
Fuel Type
Diesel (BSIV)
Km driven
146K km
Transmission
Manual (Regular)
No. of Owner
1st Owner
Insurance Validity
Mar 2027
Insurance Type
Comprehensive
RTO
TS08
Car Location
Uppal, Hyderabad","Quality report
1576 parts evaluated by 5 automotive experts
Meter not tampered
Non-flooded
Core structure intact
Core systems
Engine, transmission & chassis
9.4
Excellent
Supporting systems
Fuel supply, ignition & other systems
9.0
Excellent
Interiors & AC
Seats, AC, audio & other features
8.0
Good
Exteriors & lights
Panels, glasses, lights & fixtures
7.7
Fair
Imperfections on body panels but no impact on build quality
Comes with ₹9,000 lower price tag because of it
Wear & tear parts
Tyres, clutch, brakes & more
8.4
Good
View full report
Next service due after 12 months or 10,000 km
(whichever comes first post delivery)"
2022 Mahindra XUV 300 W8 (O) 1.5 Diesel,"₹ 8,24,800","Car Overview
Make Year
Jul 2022
Registration Year
Oct 2022
Fuel Type
Diesel (BSVI)
Km driven
47K km
Transmission
Manual (Regular)
No. of Owner
1st Owner
Insurance Validity
Feb 2027
Insurance Type
Comprehensive
RTO
AP39
Car Location
Kukatpally, Hyderabad","Quality report
1576 parts evaluated by 5 automotive experts
Meter not tampered
Non-flooded
Core structure intact
Core systems
Engine, transmission & chassis
9.8
Excellent
Supporting systems
Fuel supply, ignition & other systems
8.8
Good
Interiors & AC
Seats, AC, audio & other features
8.9
Good
Exteriors & lights
Panels, glasses, lights & fixtures
8.8
Good
Wear & tear parts
Tyres, clutch, brakes & more
8.5
Good
View full report
Next service due after 12 months or 10,000 km
(whichever comes first post delivery)"
2022 Kia Seltos HTX 1.5 Diesel,"₹ 9,51,710","Car Overview
Make Year
Apr 2022
Registration Year
Jul 2022
Fuel Type
Diesel (BSVI)
Km driven
99K km
Transmission
Manual (Regular)
No. of Owner
1st Owner
Insurance Validity
Apr 2027
Insurance Type
Third Party
RTO
TS04
Car Location
Kukatpally, Hyderabad","Quality report
1576 parts evaluated by 5 automotive experts
Meter not tampered
Non-flooded
Core structure intact
Core systems
Engine, transmission & chassis
9.4
Excellent
Supporting systems
Fuel supply, ignition & other systems
9.1
Excellent
Interiors & AC
Seats, AC, audio & other features
8.3
Good
Exteriors & lights
Panels, glasses, lights & fixtures
8.6
Good
Wear & tear parts
Tyres, clutch, brakes & more
8.4
Good
View full report
No immediate servicing required
(Inquire at test drive for more details)"
2023 Maruti Suzuki Grand Vitara Alpha Smart Hybrid*,"₹ 9,22,635","Car Overview
*Note:   Make & registration years are different.
Make Year
Oct 2022
Registration Year
Apr 2023
Fuel Type
Petrol (BSVI)
Km driven
94K km
Transmission
Manual (Regular)
No. of Owner
1st Owner
Insurance Validity
Apr 2027
Insurance Type
Third Party
RTO
TS15
Car Location
Kukatpally, Hyderabad","Quality report
1573 parts evaluated by 5 automotive experts
Meter not tampered
Non-flooded
Core structure intact
Core systems
Engine, transmission & chassis
9.7
Excellent
Supporting systems
Fuel supply, ignition & other systems
9.4
Excellent
Interiors & AC
Seats, AC, audio & other features
8.9
Good
Exteriors & lights
Panels, glasses, lights & fixtures
8.2
Good
Wear & tear parts
Tyres, clutch, brakes & more
8.3
Good
View full report
No immediate servicing required
(Inquire at test drive for more details)"
2018 Renault Duster 110 PS RXZ 4X2 MT Diesel,"₹ 5,27,200","Car Overview
Make Year
Oct 2018
Registration Year
Dec 2018
Fuel Type
Diesel
Km driven
86K km
Transmission
Manual (Regular)
No. of Owner
1st Owner
Insurance Validity
Nov 2026
Insurance Type
Comprehensive
RTO
TS08
Car Location
Uppal, Hyderabad","Quality report
1576 parts evaluated by 5 automotive experts
Meter not tampered
Non-flooded
Core structure intact
Core systems
Engine, transmission & chassis
9.6
Excellent
Supporting systems
Fuel supply, ignition & other systems
9.2
Excellent
Interiors & AC
Seats, AC, audio & other features
8.3
Good
Exteriors & lights
Panels, glasses, lights & fixtures
8.6
Good
Wear & tear parts
Tyres, clutch, brakes & more
8.2
Good
View full report
Next service due after 12 months or 10,000 km
(whichever comes first post delivery)"
2025 Mahindra Thar Roxx AX7 L Petrol AT 2WD,"₹ 17,09,522","Car Overview
Make Year
Mar 2025
Registration Year
May 2025
Fuel Type
Petrol
Km driven
5K km
Transmission
Automatic (Torque Convertor)
No. of Owner
1st Owner
Insurance Validity
Apr 2027
Insurance Type
Third Party
RTO
TG07
Car Location
Kukatpally, Hyderabad","Quality report
1452 parts evaluated by 5 automotive experts
Meter not tampered
Non-flooded
Core structure intact
Core systems
Engine, transmission & chassis
10.0
Excellent
Supporting systems
Fuel supply, ignition & other systems
9.9
Excellent
Interiors & AC
Seats, AC, audio & other features
9.9
Excellent
Exteriors & lights
Panels, glasses, lights & fixtures
9.8
Excellent
Wear & tear parts
Tyres, clutch, brakes & more
9.5
Excellent
View full report
Next service due after 12 months or 10,000 km
(whichever comes first post delivery)"
2022 Mahindra XUV700 AX 7 Diesel AT Luxury Pack 7 STR,"₹ 16,62,322","Car Overview
Make Year
May 2022
Registration Year
Dec 2022
Fuel Type
Diesel (BSVI)
Km driven
44K km
Transmission
Automatic (Torque Convertor)
No. of Owner
1st Owner
Insurance Validity
Apr 2027
Insurance Type
Third Party
RTO
TS10
Car Location
Kukatpally, Hyderabad","Quality report
1432 parts evaluated by 5 automotive experts
Meter not tampered
Non-flooded
Core structure intact
Core systems
Engine, transmission & chassis
9.8
Excellent
Supporting systems
Fuel supply, ignition & other systems
9.7
Excellent
Interiors & AC
Seats, AC, audio & other features
9.2
Excellent
Exteriors & lights
Panels, glasses, lights & fixtures
8.8
Good
Wear & tear parts
Tyres, clutch, brakes & more
8.8
Good
View full report
No immediate servicing required
(Inquire at test drive for more details)"
2022 Renault Kiger RXZ 1.0 Turbo MT Dual Tone,"₹ 5,41,600","Car Overview
Make Year
Jan 2022
Registration Year
Apr 2022
Fuel Type
Petrol (BSVI)
Km driven
45K km
Transmission
Manual (Regular)
No. of Owner
1st Owner
Insurance Validity
Apr 2027
Insurance Type
Third Party
RTO
TS07
Car Location
Uppal, Hyderabad","Quality report
1573 parts evaluated by 5 automotive experts
Meter not tampered
Non-flooded
Core structure intact
Core systems
Engine, transmission & chassis
9.8
Excellent
Supporting systems
Fuel supply, ignition & other systems
9.7
Excellent
Interiors & AC
Seats, AC, audio & other features
9.1
Excellent
Exteriors & lights
Panels, glasses, lights & fixtures
9.2
Excellent
Wear & tear parts
Tyres, clutch, brakes & more
8.3
Good
View full report
No immediate servicing required
(Inquire at test drive for more details)"
2025 Maruti Suzuki Fronx Alpha 1.0L Turbo 6 AT*,Save ~₹4.5 lakhs on this 2 years old car compared to buying new car of same variant,"Car Overview
*Note:   Make & registration years are different.
Make Year
May 2024
Registration Year
Mar 2025
Fuel Type
Petrol
Km driven
22K km
Transmission
Automatic (Torque Convertor)
No. of Owner
1st Owner
Insurance Validity
Nov 2026
Insurance Type
Comprehensive
RTO
TG07
Car Location
Kukatpally, Hyderabad","Quality report
1452 parts evaluated by 5 automotive experts
Meter not tampered
Non-flooded
Core structure intact
Core systems
Engine, transmission & chassis
9.9
Excellent
Supporting systems
Fuel supply, ignition & other systems
9.7
Excellent
Interiors & AC
Seats, AC, audio & other features
9.8
Excellent
Exteriors & lights
Panels, glasses, lights & fixtures
9.6
Excellent
Wear & tear parts
Tyres, clutch, brakes & more
8.9
Good
View full report
Next service due after 12 months or 10,000 km
(whichever comes first post delivery)"
2017 Ford EcoSport Trend+ 1.5L TDCi,"₹ 4,23,200","Car Overview
Make Year
May 2017
Registration Year
Nov 2017
Fuel Type
Diesel (BSIV)
Km driven
128K km
Transmission
Manual (Regular)
No. of Owner
2nd Owner
Insurance Validity
Apr 2027
Insurance Type
Third Party
RTO
TS08
Car Location
Hafeezpet, Hyderabad","Quality report
1576 parts evaluated by 5 automotive experts
Meter not tampered
Non-flooded
Core structure intact
Core systems
Engine, transmission & chassis
9.5
Excellent
Supporting systems
Fuel supply, ignition & other systems
9.0
Excellent
Interiors & AC
Seats, AC, audio & other features
8.1
Good
Exteriors & lights
Panels, glasses, lights & fixtures
7.9
Fair
Imperfections on glasses & mirrors but no impact on visibility
Comes with ₹10,000 lower price tag because of it
Wear & tear parts
Tyres, clutch, brakes & more
8.4
Good
View full report
Next service due after 12 months or 10,000 km
(whichever comes first post delivery)"
2018 Renault Captur RXL Diesel*,"₹ 4,54,500","Car Overview
*Note:   Make & registration years are different.
Make Year
Nov 2017
Registration Year
May 2018
Fuel Type
Diesel (BSIV)
Km driven
95K km
Transmission
Manual (Regular)
No. of Owner
1st Owner
Insurance Validity
Apr 2027
Insurance Type
Third Party
RTO
AP37
Car Location
Kukatpally, Hyderabad","Quality report
1576 parts evaluated by 5 automotive experts
Meter not tampered
Non-flooded
Core structure intact
Core systems
Engine, transmission & chassis
9.3
Excellent
Supporting systems
Fuel supply, ignition & other systems
9.3
Excellent
Interiors & AC
Seats, AC, audio & other features
7.5
Fair
Few flaws in audio & infotainment, functionality remains good
Comes with ₹14,000 lower price tag because of it
Exteriors & lights
Panels, glasses, lights & fixtures
8.1
Good
Wear & tear parts
Tyres, clutch, brakes & more
8.4
Good
View full report
No immediate servicing required
(Inquire at test drive for more details)"
2020 Kia Seltos HTX Plus AT 1.5 Diesel,"₹ 8,48,800","Car Overview
Make Year
Jan 2020
Registration Year
Oct 2020
Fuel Type
Diesel
Km driven
112K km
Transmission
Automatic (Torque Convertor)
No. of Owner
1st Owner
Insurance Validity
Apr 2027
Insurance Type
Third Party
RTO
TS12
Car Location
Hafeezpet, Hyderabad","Quality report
1432 parts evaluated by 5 automotive experts
Meter not tampered
Non-flooded
Core structure intact
Core systems
Engine, transmission & chassis
9.5
Excellent
Supporting systems
Fuel supply, ignition & other systems
8.9
Good
Interiors & AC
Seats, AC, audio & other features
7.2
Fair
Few flaws in audio & infotainment, functionality remains good
Comes with ₹36,000 lower price tag because of it
Exteriors & lights
Panels, glasses, lights & fixtures
7.6
Fair
Imperfections on glasses & mirrors but no impact on visibility
Comes with ₹35,000 lower price tag because of it
Wear & tear parts
Tyres, clutch, brakes & more
7.9
Fair
Few components have experienced wear and tear
Comes with ₹39,000 lower price tag because of it
View full report
No immediate servicing required
(Inquire at test drive for more details)"
2023 Kia Seltos GTX Plus 1.5 Turbo Petrol DCT,"₹ 13,43,200","Car Overview
Make Year
Sep 2023
Registration Year
Dec 2023
Fuel Type
Petrol
Km driven
37K km
Transmission
Automatic (DCT)
No. of Owner
1st Owner
Insurance Validity
Sep 2026
Insurance Type
Comprehensive
RTO
TS09
Car Location
Kukatpally, Hyderabad","Quality report
1452 parts evaluated by 5 automotive experts
Meter not tampered
Non-flooded
Core structure intact
Core systems
Engine, transmission & chassis
9.9
Excellent
Supporting systems
Fuel supply, ignition & other systems
9.7
Excellent
Interiors & AC
Seats, AC, audio & other features
9.5
Excellent
Exteriors & lights
Panels, glasses, lights & fixtures
9.0
Excellent
Wear & tear parts
Tyres, clutch, brakes & more
8.5
Good
View full report
Next service due after 12 months or 10,000 km
(whichever comes first post delivery)"
2023 Kia Sonet HTK Plus 1.5,"₹ 7,59,200","Car Overview
Make Year
Feb 2023
Registration Year
Mar 2023
Fuel Type
Diesel (BSVI)
Km driven
57K km
Transmission
Manual (Regular)
No. of Owner
1st Owner
Insurance Validity
Apr 2027
Insurance Type
Third Party
RTO
TS08
Car Location
Hafeezpet, Hyderabad","Quality report
1576 parts evaluated by 5 automotive experts
Meter not tampered
Non-flooded
Core structure intact
Core systems
Engine, transmission & chassis
9.7
Excellent
Supporting systems
Fuel supply, ignition & other systems
8.8
Good
Interiors & AC
Seats, AC, audio & other features
9.1
Excellent
Exteriors & lights
Panels, glasses, lights & fixtures
9.1
Excellent
Wear & tear parts
Tyres, clutch, brakes & more
8.1
Good
View full report
Next service due after 12 months or 10,000 km
(whichever comes first post delivery)"
2024 Tata Punch Creative Flagship Dual Tone MT*,"₹ 6,54,400","Car Overview
*Note:   Make & registration years are different.
Make Year
Dec 2023
Registration Year
Jan 2024
Fuel Type
Petrol
Km driven
32K km
Transmission
Manual (Regular)
No. of Owner
1st Owner
Insurance Validity
Dec 2026
Insurance Type
Comprehensive
RTO
TS07
Car Location
Uppal, Hyderabad","Quality report
1573 parts evaluated by 5 automotive experts
Meter not tampered
Non-flooded
Core structure intact
Core systems
Engine, transmission & chassis
9.9
Excellent
Supporting systems
Fuel supply, ignition & other systems
9.8
Excellent
Interiors & AC
Seats, AC, audio & other features
9.5
Excellent
Exteriors & lights
Panels, glasses, lights & fixtures
9.0
Excellent
Wear & tear parts
Tyres, clutch, brakes & more
8.9
Good
View full report
Next service due after 12 months or 15,000 km
(whichever comes first post delivery)"
2020 MG Motors Hector Sharp Hybrid 1.5 Petrol,"₹ 7,67,200","Car Overview
Make Year
Oct 2020
Registration Year
Nov 2020
Fuel Type
Hybrid (BSVI)
Km driven
80K km
Transmission
Manual (Regular)
No. of Owner
2nd Owner
Insurance Validity
Apr 2027
Insurance Type
Third Party
RTO
AP39
Car Location
Kukatpally, Hyderabad","Quality report
1566 parts evaluated by 5 automotive experts
Meter not tampered
Non-flooded
Core structure intact
Core systems
Engine, transmission & chassis
9.7
Excellent
Supporting systems
Fuel supply, ignition & other systems
9.5
Excellent
Interiors & AC
Seats, AC, audio & other features
8.2
Good
Exteriors & lights
Panels, glasses, lights & fixtures
8.8
Good
Wear & tear parts
Tyres, clutch, brakes & more
8.1
Good
View full report
No immediate servicing required
(Inquire at test drive for more details)"
2023 Honda Elevate VX MT,"₹ 8,92,800","Car Overview
Make Year
Sep 2023
Registration Year
Oct 2023
Fuel Type
Petrol (BSVI)
Km driven
40K km
Transmission
Manual (Regular)
No. of Owner
1st Owner
Insurance Validity
Sep 2026
Insurance Type
Comprehensive
RTO
AP40
Car Location
Hafeezpet, Hyderabad","Quality report
1573 parts evaluated by 5 automotive experts
Meter not tampered
Non-flooded
Core structure intact
Core systems
Engine, transmission & chassis
9.8
Excellent
Supporting systems
Fuel supply, ignition & other systems
9.7
Excellent
Interiors & AC
Seats, AC, audio & other features
9.2
Excellent
Exteriors & lights
Panels, glasses, lights & fixtures
9.1
Excellent
Wear & tear parts
Tyres, clutch, brakes & more
8.2
Good
View full report
No immediate servicing required
(Inquire at test drive for more details)"
2022 Maruti Suzuki Brezza ZXI AT,"₹ 8,25,600","Car Overview
Make Year
Jul 2022
Registration Year
Aug 2022
Fuel Type
Petrol (BSVI)
Km driven
47K km
Transmission
Automatic (Torque Convertor)
No. of Owner
1st Owner
Insurance Validity
Apr 2027
Insurance Type
Third Party
RTO
TS08
Car Location
Kukatpally, Hyderabad","Quality report
1452 parts evaluated by 5 automotive experts
Meter not tampered
Non-flooded
Core structure intact
Core systems
Engine, transmission & chassis
9.8
Excellent
Supporting systems
Fuel supply, ignition & other systems
9.7
Excellent
Interiors & AC
Seats, AC, audio & other features
8.6
Good
Exteriors & lights
Panels, glasses, lights & fixtures
8.7
Good
Wear & tear parts
Tyres, clutch, brakes & more
7.9
Fair
Few components have experienced wear and tear
Comes with ₹38,000 lower price tag because of it
View full report
Next service due after 12 months or 10,000 km
(whichever comes first post delivery)"
2023 Volkswagen Taigun Highline 1.0 TSI MT,"₹ 9,04,776","Car Overview
Make Year
Jul 2023
Registration Year
Sep 2023
Fuel Type
Petrol (BSVI)
Km driven
18K km
Transmission
Manual (Regular)
No. of Owner
1st Owner
Insurance Validity
Apr 2027
Insurance Type
Third Party
RTO
TS03
Car Location
Uppal, Hyderabad","Quality report
1573 parts evaluated by 5 automotive experts
Meter not tampered
Non-flooded
Core structure intact
Core systems
Engine, transmission & chassis
9.9
Excellent
Supporting systems
Fuel supply, ignition & other systems
9.9
Excellent
Interiors & AC
Seats, AC, audio & other features
9.7
Excellent
Exteriors & lights
Panels, glasses, lights & fixtures
9.2
Excellent
Wear & tear parts
Tyres, clutch, brakes & more
9.2
Excellent
View full report
Next service due after 12 months or 15,000 km
(whichever comes first post delivery)"
2023 Maruti Suzuki Brezza ZXi Plus,"₹ 8,17,600","Car Overview
Make Year
Feb 2023
Registration Year
Mar 2023
Fuel Type
Petrol (BSVI)
Km driven
71K km
Transmission
Manual (Regular)
No. of Owner
1st Owner
Insurance Validity
Apr 2027
Insurance Type
Third Party
RTO
TS07
Car Location
Uppal, Hyderabad","Quality report
1573 parts evaluated by 5 automotive experts
Meter not tampered
Non-flooded
Core structure intact
Core systems
Engine, transmission & chassis
9.7
Excellent
Supporting systems
Fuel supply, ignition & other systems
9.5
Excellent
Interiors & AC
Seats, AC, audio & other features
9.1
Excellent
Exteriors & lights
Panels, glasses, lights & fixtures
8.6
Good
Wear & tear parts
Tyres, clutch, brakes & more
8.3
Good
View full report
Next service due after 12 months or 10,000 km
(whichever comes first post delivery)"
2022 Skoda Kushaq Style 1.5L TSI DSG,"₹ 9,45,564","Car Overview
Make Year
Jun 2022
Registration Year
Nov 2022
Fuel Type
Petrol (BSIV)
Km driven
102K km
Transmission
Automatic (DSG)
No. of Owner
2nd Owner
Insurance Validity
Apr 2027
Insurance Type
Third Party
RTO
TS07
Car Location
Kukatpally, Hyderabad","Quality report
1452 parts evaluated by 5 automotive experts
Meter not tampered
Non-flooded
Core structure intact
Core systems
Engine, transmission & chassis
9.6
Excellent
Supporting systems
Fuel supply, ignition & other systems
9.2
Excellent
Interiors & AC
Seats, AC, audio & other features
8.6
Good
Exteriors & lights
Panels, glasses, lights & fixtures
8.6
Good
Wear & tear parts
Tyres, clutch, brakes & more
8.3
Good
View full report
No immediate servicing required
(Inquire at test drive for more details)"
2022 Renault Kiger RXZ Turbo CVT Dual Tone,"₹ 6,49,600","Car Overview
Make Year
Jun 2022
Registration Year
Aug 2022
Fuel Type
Petrol (BSVI)
Km driven
29K km
Transmission
Automatic (CVT)
No. of Owner
1st Owner
Insurance Validity
Apr 2027
Insurance Type
Third Party
RTO
TS10
Car Location
Uppal, Hyderabad","Quality report
1452 parts evaluated by 5 automotive experts
Meter not tampered
Non-flooded
Core structure intact
Core systems
Engine, transmission & chassis
9.8
Excellent
Supporting systems
Fuel supply, ignition & other systems
9.7
Excellent
Interiors & AC
Seats, AC, audio & other features
9.2
Excellent
Exteriors & lights
Panels, glasses, lights & fixtures
8.9
Good
Wear & tear parts
Tyres, clutch, brakes & more
8.5
Good
View full report
No immediate servicing required
(Inquire at test drive for more details)"
2022 Maruti Suzuki Brezza ZXi Plus,"₹ 7,40,000","Car Overview
Make Year
Jun 2022
Registration Year
Nov 2022
Fuel Type
Petrol (BSVI)
Km driven
55K km
Transmission
Manual (Regular)
No. of Owner
2nd Owner
Insurance Validity
Oct 2026
Insurance Type
Comprehensive
RTO
TS35
Car Location
Hafeezpet, Hyderabad","Quality report
1573 parts evaluated by 5 automotive experts
Meter not tampered
Non-flooded
Core structure intact
Core systems
Engine, transmission & chassis
9.8
Excellent
Supporting systems
Fuel supply, ignition & other systems
9.6
Excellent
Interiors & AC
Seats, AC, audio & other features
9.0
Excellent
Exteriors & lights
Panels, glasses, lights & fixtures
8.6
Good
Wear & tear parts
Tyres, clutch, brakes & more
8.3
Good
View full report
No immediate servicing required
(Inquire at test drive for more details)"
2023 Mahindra XUV 300 W8 (O) 1.2 Petrol,"₹ 7,98,400","Car Overview
Make Year
Jul 2023
Registration Year
Oct 2023
Fuel Type
Petrol (BSVI)
Km driven
28K km
Transmission
Manual (Regular)
No. of Owner
1st Owner
Insurance Validity
Apr 2027
Insurance Type
Third Party
RTO
AP40
Car Location
Hafeezpet, Hyderabad","Quality report
1573 parts evaluated by 5 automotive experts
Meter not tampered
Non-flooded
Core structure intact
Core systems
Engine, transmission & chassis
9.9
Excellent
Supporting systems
Fuel supply, ignition & other systems
9.8
Excellent
Interiors & AC
Seats, AC, audio & other features
9.1
Excellent
Exteriors & lights
Panels, glasses, lights & fixtures
9.2
Excellent
Wear & tear parts
Tyres, clutch, brakes & more
9.0
Excellent
View full report
No immediate servicing required
(Inquire at test drive for more details)"
2022 MG Motors Hector Plus Sharp 1.5 Petrol Turbo CVT 6-STR,"₹ 12,41,600","Car Overview
Make Year
Aug 2022
Registration Year
Sep 2022
Fuel Type
Petrol (BSIV)
Km driven
39K km
Transmission
Automatic (DCT)
No. of Owner
1st Owner
Insurance Validity
Sep 2026
Insurance Type
Comprehensive
RTO
TS08
Car Location
Kukatpally, Hyderabad","Quality report
1452 parts evaluated by 5 automotive experts
Meter not tampered
Non-flooded
Core structure intact
Core systems
Engine, transmission & chassis
9.8
Excellent
Supporting systems
Fuel supply, ignition & other systems
9.7
Excellent
Interiors & AC
Seats, AC, audio & other features
9.2
Excellent
Exteriors & lights
Panels, glasses, lights & fixtures
9.1
Excellent
Wear & tear parts
Tyres, clutch, brakes & more
8.5
Good
View full report
No immediate servicing required
(Inquire at test drive for more details)"
2018 Mahindra KUV100 NXT K2 6 STR,"₹ 2,87,200","Car Overview
Make Year
Jun 2018
Registration Year
Jul 2018
Fuel Type
Petrol (BSIV)
Km driven
36K km
Transmission
Manual (Regular)
No. of Owner
1st Owner
Insurance Validity
Apr 2027
Insurance Type
Third Party
RTO
TS12
Car Location
Kukatpally, Hyderabad","Quality report
1573 parts evaluated by 5 automotive experts
Meter not tampered
Non-flooded
Core structure intact
Core systems
Engine, transmission & chassis
9.7
Excellent
Supporting systems
Fuel supply, ignition & other systems
9.3
Excellent
Interiors & AC
Seats, AC, audio & other features
7.8
Fair
Few flaws in ac, cooling remains reliable
Comes with ₹8,000 lower price tag because of it
Exteriors & lights
Panels, glasses, lights & fixtures
8.6
Good
Wear & tear parts
Tyres, clutch, brakes & more
8.2
Good
View full report
Next service due after 12 months or 10,000 km
(whichever comes first post delivery)"
2021 Tata Nexon XZA Plus (S),"₹ 6,70,400","Car Overview
Make Year
Jan 2021
Registration Year
Feb 2021
Fuel Type
Petrol (BSVI)
Km driven
63K km
Transmission
Automatic (AMT)
No. of Owner
1st Owner
Insurance Validity
Jan 2027
Insurance Type
Comprehensive
RTO
TS08
Car Location
Uppal, Hyderabad","Quality report
1452 parts evaluated by 5 automotive experts
Meter not tampered
Non-flooded
Core structure intact
Core systems
Engine, transmission & chassis
9.5
Excellent
Supporting systems
Fuel supply, ignition & other systems
9.0
Excellent
Interiors & AC
Seats, AC, audio & other features
8.6
Good
Exteriors & lights
Panels, glasses, lights & fixtures
8.7
Good
Wear & tear parts
Tyres, clutch, brakes & more
8.1
Good
View full report
Next service due after 12 months or 15,000 km
(whichever comes first post delivery)"
2018 Hyundai Creta SX 1.6 Petrol,"₹ 6,60,800","Car Overview
Make Year
Nov 2018
Registration Year
Dec 2018
Fuel Type
Petrol (BSIV)
Km driven
49K km
Transmission
Manual (Regular)
No. of Owner
2nd Owner
Insurance Validity
Nov 2026
Insurance Type
Comprehensive
RTO
TS07
Car Location
Uppal, Hyderabad","Quality report
1573 parts evaluated by 5 automotive experts
Meter not tampered
Non-flooded
Core structure intact
Core systems
Engine, transmission & chassis
9.8
Excellent
Supporting systems
Fuel supply, ignition & other systems
9.6
Excellent
Interiors & AC
Seats, AC, audio & other features
9.0
Excellent
Exteriors & lights
Panels, glasses, lights & fixtures
8.5
Good
Wear & tear parts
Tyres, clutch, brakes & more
8.6
Good
View full report
Next service due after 12 months or 10,000 km
(whichever comes first post delivery)"
2018 Hyundai Creta SX 1.6 Petrol,"₹ 6,12,000","Car Overview
Make Year
Aug 2018
Registration Year
Oct 2018
Fuel Type
Petrol (BSIV)
Km driven
100K km
Transmission
Manual (Regular)
No. of Owner
1st Owner
Insurance Validity
Apr 2027
Insurance Type
Third Party
RTO
TS07
Car Location
Kukatpally, Hyderabad","Quality report
1573 parts evaluated by 5 automotive experts
Meter not tampered
Non-flooded
Core structure intact
Core systems
Engine, transmission & chassis
9.6
Excellent
Supporting systems
Fuel supply, ignition & other systems
9.3
Excellent
Interiors & AC
Seats, AC, audio & other features
8.6
Good
Exteriors & lights
Panels, glasses, lights & fixtures
8.5
Good
Wear & tear parts
Tyres, clutch, brakes & more
8.5
Good
View full report
Next service due after 12 months or 10,000 km
(whichever comes first post delivery)"
2022 Tata Nexon XZA Plus (O) Diesel,"₹ 8,86,215","Car Overview
Make Year
Mar 2022
Registration Year
Apr 2022
Fuel Type
Diesel (BSVI)
Km driven
32K km
Transmission
Automatic (AMT)
No. of Owner
1st Owner
Insurance Validity
Apr 2027
Insurance Type
Third Party
RTO
TS08
Car Location
Uppal, Hyderabad","Quality report
1432 parts evaluated by 5 automotive experts
Meter not tampered
Non-flooded
Core structure intact
Core systems
Engine, transmission & chassis
9.9
Excellent
Supporting systems
Fuel supply, ignition & other systems
9.7
Excellent
Interiors & AC
Seats, AC, audio & other features
9.3
Excellent
Exteriors & lights
Panels, glasses, lights & fixtures
8.6
Good
Wear & tear parts
Tyres, clutch, brakes & more
8.5
Good
View full report
No immediate servicing required
(Inquire at test drive for more details)"
2020 Maruti Suzuki Vitara Brezza ZXi Plus AT SHVS,"₹ 6,61,600","Car Overview
Make Year
Feb 2020
Registration Year
Jun 2020
Fuel Type
Petrol
Km driven
68K km
Transmission
Automatic (Torque Convertor)
No. of Owner
1st Owner
Insurance Validity
Apr 2027
Insurance Type
Third Party
RTO
TS28
Car Location
Kukatpally, Hyderabad","Quality report
1452 parts evaluated by 5 automotive experts
Meter not tampered
Non-flooded
Core structure intact
Core systems
Engine, transmission & chassis
9.5
Excellent
Supporting systems
Fuel supply, ignition & other systems
9.4
Excellent
Interiors & AC
Seats, AC, audio & other features
8.3
Good
Exteriors & lights
Panels, glasses, lights & fixtures
8.1
Good
Wear & tear parts
Tyres, clutch, brakes & more
8.1
Good
View full report
Next service due after 12 months or 10,000 km
(whichever comes first post delivery)"
2021 Renault Kiger RXZ AMT Dual Tone,"₹ 4,96,800","Car Overview
Make Year
Feb 2021
Registration Year
Mar 2021
Fuel Type
Petrol (BSVI)
Km driven
21K km
Transmission
Automatic (AMT)
No. of Owner
1st Owner
Insurance Validity
Sep 2026
Insurance Type
Comprehensive
RTO
AP39
Car Location
Kukatpally, Hyderabad","Quality report
1452 parts evaluated by 5 automotive experts
Meter not tampered
Non-flooded
Core structure intact
Core systems
Engine, transmission & chassis
9.8
Excellent
Supporting systems
Fuel supply, ignition & other systems
9.5
Excellent
Interiors & AC
Seats, AC, audio & other features
9.1
Excellent
Exteriors & lights
Panels, glasses, lights & fixtures
8.9
Good
Wear & tear parts
Tyres, clutch, brakes & more
8.9
Good
View full report
Next service due after 12 months or 10,000 km
(whichever comes first post delivery)"
2021 Maruti Suzuki Vitara Brezza VXi AT SHVS,"₹ 6,66,400","Car Overview
Make Year
Jun 2021
Registration Year
Aug 2021
Fuel Type
Petrol (BSVI)
Km driven
37K km
Transmission
Automatic (Torque Convertor)
No. of Owner
1st Owner
Insurance Validity
Apr 2027
Insurance Type
Third Party
RTO
TS10
Car Location
Uppal, Hyderabad","Quality report
1452 parts evaluated by 5 automotive experts
Meter not tampered
Non-flooded
Core structure intact
Core systems
Engine, transmission & chassis
9.8
Excellent
Supporting systems
Fuel supply, ignition & other systems
9.7
Excellent
Interiors & AC
Seats, AC, audio & other features
8.7
Good
Exteriors & lights
Panels, glasses, lights & fixtures
8.3
Good
Wear & tear parts
Tyres, clutch, brakes & more
8.1
Good
View full report
Next service due after 12 months or 10,000 km
(whichever comes first post delivery)"
2022 Maruti Suzuki Vitara Brezza ZXi Plus,"₹ 7,07,200","Car Overview
Make Year
Mar 2022
Registration Year
Apr 2022
Fuel Type
Petrol (BSVI)
Km driven
41K km
Transmission
Manual (Regular)
No. of Owner
1st Owner
Insurance Validity
Mar 2027
Insurance Type
Comprehensive
RTO
TS08
Car Location
Uppal, Hyderabad","Quality report
1573 parts evaluated by 5 automotive experts
Meter not tampered
Non-flooded
Core structure intact
Core systems
Engine, transmission & chassis
9.8
Excellent
Supporting systems
Fuel supply, ignition & other systems
9.7
Excellent
Interiors & AC
Seats, AC, audio & other features
9.0
Excellent
Exteriors & lights
Panels, glasses, lights & fixtures
8.8
Good
Wear & tear parts
Tyres, clutch, brakes & more
8.9
Good
View full report
Next service due after 12 months or 10,000 km
(whichever comes first post delivery)"
2023 Kia Sonet HTX 1.0 DCT,"₹ 7,81,600","Car Overview
Make Year
Mar 2023
Registration Year
Jun 2023
Fuel Type
Petrol
Km driven
50K km
Transmission
Automatic (DCT)
No. of Owner
1st Owner
Insurance Validity
Apr 2027
Insurance Type
Third Party
RTO
TS08
Car Location
Kukatpally, Hyderabad","Quality report
1452 parts evaluated by 5 automotive experts
Meter not tampered
Non-flooded
Core structure intact
Core systems
Engine, transmission & chassis
9.6
Excellent
Supporting systems
Fuel supply, ignition & other systems
9.5
Excellent
Interiors & AC
Seats, AC, audio & other features
9.3
Excellent
Exteriors & lights
Panels, glasses, lights & fixtures
8.5
Good
Wear & tear parts
Tyres, clutch, brakes & more
8.4
Good
View full report
Next service due after 12 months or 10,000 km
(whichever comes first post delivery)"
2020 Kia Seltos GTX Plus DCT 1.4,"₹ 8,29,600","Car Overview
Make Year
Jan 2020
Registration Year
Mar 2020
Fuel Type
Petrol (BSVI)
Km driven
89K km
Transmission
Automatic (DCT)
No. of Owner
2nd Owner
Insurance Validity
Apr 2027
Insurance Type
Third Party
RTO
TS07
Car Location
Kukatpally, Hyderabad","Quality report
1452 parts evaluated by 5 automotive experts
Meter not tampered
Non-flooded
Core structure intact
Core systems
Engine, transmission & chassis
9.7
Excellent
Supporting systems
Fuel supply, ignition & other systems
9.1
Excellent
Interiors & AC
Seats, AC, audio & other features
8.7
Good
Exteriors & lights
Panels, glasses, lights & fixtures
8.7
Good
Wear & tear parts
Tyres, clutch, brakes & more
8.4
Good
View full report
No immediate servicing required
(Inquire at test drive for more details)"
2022 Nissan Magnite XV Premium Turbo CVT,"₹ 6,11,200","Car Overview
Make Year
Feb 2022
Registration Year
Apr 2022
Fuel Type
Petrol (BSVI)
Km driven
54K km
Transmission
Automatic (CVT)
No. of Owner
1st Owner
Insurance Validity
Apr 2027
Insurance Type
Third Party
RTO
TS10
Car Location
Kukatpally, Hyderabad","Quality report
1452 parts evaluated by 5 automotive experts
Meter not tampered
Non-flooded
Core structure intact
Core systems
Engine, transmission & chassis
9.8
Excellent
Supporting systems
Fuel supply, ignition & other systems
9.5
Excellent
Interiors & AC
Seats, AC, audio & other features
8.8
Good
Exteriors & lights
Panels, glasses, lights & fixtures
8.8
Good
Wear & tear parts
Tyres, clutch, brakes & more
8.0
Good
View full report
No immediate servicing required
(Inquire at test drive for more details)"
2022 Hyundai Creta SX 1.5 Petrol IVT,"₹ 9,63,200","Car Overview
Make Year
Aug 2022
Registration Year
Sep 2022
Fuel Type
Petrol (BSVI)
Km driven
93K km
Transmission
Automatic (CVT)
No. of Owner
1st Owner
Insurance Validity
Apr 2027
Insurance Type
Third Party
RTO
TS08
Car Location
Uppal, Hyderabad","Quality report
1452 parts evaluated by 5 automotive experts
Meter not tampered
Non-flooded
Core structure intact
Core systems
Engine, transmission & chassis
9.7
Excellent
Supporting systems
Fuel supply, ignition & other systems
9.4
Excellent
Interiors & AC
Seats, AC, audio & other features
8.9
Good
Exteriors & lights
Panels, glasses, lights & fixtures
8.7
Good
Wear & tear parts
Tyres, clutch, brakes & more
8.2
Good
View full report
No immediate servicing required
(Inquire at test drive for more details)"
2023 Hyundai Venue SX (O) 1.0 Turbo DCT,"₹ 9,19,177","Car Overview
Make Year
Jun 2023
Registration Year
Jun 2023
Fuel Type
Petrol (BSVI)
Km driven
20K km
Transmission
Automatic (DCT)
No. of Owner
1st Owner
Insurance Validity
Apr 2027
Insurance Type
Third Party
RTO
AP39
Car Location
Kukatpally, Hyderabad","Quality report
1452 parts evaluated by 5 automotive experts
Meter not tampered
Non-flooded
Core structure intact
Core systems
Engine, transmission & chassis
9.9
Excellent
Supporting systems
Fuel supply, ignition & other systems
9.9
Excellent
Interiors & AC
Seats, AC, audio & other features
9.7
Excellent
Exteriors & lights
Panels, glasses, lights & fixtures
9.5
Excellent
Wear & tear parts
Tyres, clutch, brakes & more
8.7
Good
View full report
Next service due after 12 months or 10,000 km
(whichever comes first post delivery)"
2022 Mahindra XUV700 AX 7 Diesel MT Luxury Pack 7 STR,"₹ 15,81,600","Car Overview
Make Year
May 2022
Registration Year
Aug 2022
Fuel Type
Diesel (BSVI)
Km driven
49K km
Transmission
Manual (Regular)
No. of Owner
1st Owner
Insurance Validity
Jul 2026
Insurance Type
Comprehensive
RTO
TS10
Car Location
Kukatpally, Hyderabad","Quality report
1576 parts evaluated by 5 automotive experts
Meter not tampered
Non-flooded
Core structure intact
Core systems
Engine, transmission & chassis
9.8
Excellent
Supporting systems
Fuel supply, ignition & other systems
9.7
Excellent
Interiors & AC
Seats, AC, audio & other features
8.3
Good
Exteriors & lights
Panels, glasses, lights & fixtures
8.4
Good
Wear & tear parts
Tyres, clutch, brakes & more
7.7
Fair
Few components have experienced wear and tear
Comes with ₹94,000 lower price tag because of it
View full report
Next service due after 12 months or 10,000 km
(whichever comes first post delivery)"
2023 Mahindra XUV700 AX 7 Luxury Pack Diesel AT 7 STR,"₹ 16,03,200","Car Overview
Make Year
Sep 2023
Registration Year
Dec 2023
Fuel Type
Diesel
Km driven
98K km
Transmission
Automatic (Torque Convertor)
No. of Owner
1st Owner
Insurance Validity
Apr 2027
Insurance Type
Third Party
RTO
TS15
Car Location
Kukatpally, Hyderabad","Quality report
1432 parts evaluated by 5 automotive experts
Meter not tampered
Non-flooded
Core structure intact
Core systems
Engine, transmission & chassis
9.5
Excellent
Supporting systems
Fuel supply, ignition & other systems
9.4
Excellent
Interiors & AC
Seats, AC, audio & other features
8.3
Good
Exteriors & lights
Panels, glasses, lights & fixtures
8.4
Good
Wear & tear parts
Tyres, clutch, brakes & more
8.0
Good
View full report
No immediate servicing required
(Inquire at test drive for more details)"
2023 Nissan Magnite XV Premium Turbo CVT,"₹ 6,89,600","Car Overview
Make Year
Aug 2023
Registration Year
Dec 2023
Fuel Type
Petrol (BSIV)
Km driven
37K km
Transmission
Automatic (CVT)
No. of Owner
1st Owner
Insurance Validity
Nov 2026
Insurance Type
Comprehensive
RTO
TS08
Car Location
Uppal, Hyderabad","Quality report
1452 parts evaluated by 5 automotive experts
Meter not tampered
Non-flooded
Core structure intact
Core systems
Engine, transmission & chassis
9.9
Excellent
Supporting systems
Fuel supply, ignition & other systems
9.7
Excellent
Interiors & AC
Seats, AC, audio & other features
9.6
Excellent
Exteriors & lights
Panels, glasses, lights & fixtures
9.6
Excellent
Wear & tear parts
Tyres, clutch, brakes & more
8.5
Good
View full report
No immediate servicing required
(Inquire at test drive for more details)"
2020 Hyundai Creta SX (O) 1.4 Turbo 7 DCT,"₹ 8,93,601","Car Overview
Make Year
Sep 2020
Registration Year
Sep 2020
Fuel Type
Petrol
Km driven
107K km
Transmission
Automatic (DCT)
No. of Owner
1st Owner
Insurance Validity
Apr 2027
Insurance Type
Third Party
RTO
TS13
Car Location
Kukatpally, Hyderabad","Quality report
1452 parts evaluated by 5 automotive experts
Meter not tampered
Non-flooded
Core structure intact
Core systems
Engine, transmission & chassis
9.6
Excellent
Supporting systems
Fuel supply, ignition & other systems
9.2
Excellent
Interiors & AC
Seats, AC, audio & other features
8.0
Good
Exteriors & lights
Panels, glasses, lights & fixtures
8.3
Good
Wear & tear parts
Tyres, clutch, brakes & more
7.5
Fair
Few components have experienced wear and tear
Comes with ₹51,000 lower price tag because of it
View full report
No immediate servicing required
(Inquire at test drive for more details)"
2022 Mahindra XUV700 AX 5 Petrol AT 5 STR,"₹ 11,87,200","Car Overview
Make Year
Mar 2022
Registration Year
May 2022
Fuel Type
Petrol (BSVI)
Km driven
113K km
Transmission
Automatic (Torque Convertor)
No. of Owner
1st Owner
Insurance Validity
Apr 2027
Insurance Type
Third Party
RTO
AP39
Car Location
Kukatpally, Hyderabad","Quality report
1452 parts evaluated by 5 automotive experts
Meter not tampered
Non-flooded
Core structure intact
Core systems
Engine, transmission & chassis
9.6
Excellent
Supporting systems
Fuel supply, ignition & other systems
9.1
Excellent
Interiors & AC
Seats, AC, audio & other features
8.5
Good
Exteriors & lights
Panels, glasses, lights & fixtures
8.5
Good
Wear & tear parts
Tyres, clutch, brakes & more
8.2
Good
View full report
No immediate servicing required
(Inquire at test drive for more details)"
2023 Hyundai Creta SX (O) 1.4 Turbo 7 DCT*,"₹ 11,77,600","Car Overview
*Note:   Make & registration years are different.
Make Year
Dec 2022
Registration Year
Jan 2023
Fuel Type
Petrol (BSVI)
Km driven
43K km
Transmission
Automatic (DCT)
No. of Owner
1st Owner
Insurance Validity
Apr 2027
Insurance Type
Third Party
RTO
TS07
Car Location
Kukatpally, Hyderabad","Quality report
1452 parts evaluated by 5 automotive experts
Meter not tampered
Non-flooded
Core structure intact
Core systems
Engine, transmission & chassis
9.8
Excellent
Supporting systems
Fuel supply, ignition & other systems
9.6
Excellent
Interiors & AC
Seats, AC, audio & other features
8.8
Good
Exteriors & lights
Panels, glasses, lights & fixtures
8.9
Good
Wear & tear parts
Tyres, clutch, brakes & more
8.3
Good
View full report
Next service due after 12 months or 10,000 km
(whichever comes first post delivery)"
2018 Maruti Suzuki S-Cross Zeta 1.3,"₹ 5,94,400","Car Overview
Make Year
Jul 2018
Registration Year
Sep 2018
Fuel Type
Diesel (BSIV)
Km driven
66K km
Transmission
Manual (Regular)
No. of Owner
1st Owner
Insurance Validity
Apr 2027
Insurance Type
Third Party
RTO
TS12
Car Location
Uppal, Hyderabad","Quality report
1576 parts evaluated by 5 automotive experts
Meter not tampered
Non-flooded
Core structure intact
Core systems
Engine, transmission & chassis
9.7
Excellent
Supporting systems
Fuel supply, ignition & other systems
9.6
Excellent
Interiors & AC
Seats, AC, audio & other features
8.9
Good
Exteriors & lights
Panels, glasses, lights & fixtures
8.2
Good
Wear & tear parts
Tyres, clutch, brakes & more
8.0
Good
View full report
Next service due after 12 months or 10,000 km
(whichever comes first post delivery)"
2025 Renault Kiger RXZ Turbo CVT Dual Tone*,"₹ 6,09,600","Car Overview
*Note:   Make & registration years are different.
Make Year
Oct 2022
Registration Year
Mar 2025
Fuel Type
Petrol (BSVI)
Km driven
23K km
Transmission
Automatic (CVT)
No. of Owner
1st Owner
Insurance Validity
Apr 2027
Insurance Type
Third Party
RTO
TG07
Car Location
Hafeezpet, Hyderabad","Quality report
1452 parts evaluated by 5 automotive experts
Meter not tampered
Non-flooded
Core structure intact
Core systems
Engine, transmission & chassis
9.3
Excellent
Supporting systems
Fuel supply, ignition & other systems
9.6
Excellent
Interiors & AC
Seats, AC, audio & other features
9.2
Excellent
Exteriors & lights
Panels, glasses, lights & fixtures
9.5
Excellent
Wear & tear parts
Tyres, clutch, brakes & more
8.0
Good
View full report
No immediate servicing required
(Inquire at test drive for more details)"
2020 Kia Seltos HTX 1.5,"₹ 6,70,400","Car Overview
Make Year
Aug 2020
Registration Year
Nov 2020
Fuel Type
Petrol (BSVI)
Km driven
101K km
Transmission
Manual (Regular)
No. of Owner
1st Owner
Insurance Validity
Oct 2026
Insurance Type
Comprehensive
RTO
AP39
Car Location
Uppal, Hyderabad","Quality report
1573 parts evaluated by 5 automotive experts
Meter not tampered
Non-flooded
Core structure intact
Core systems
Engine, transmission & chassis
9.4
Excellent
Supporting systems
Fuel supply, ignition & other systems
9.3
Excellent
Interiors & AC
Seats, AC, audio & other features
8.0
Good
Exteriors & lights
Panels, glasses, lights & fixtures
7.6
Fair
Imperfections on body fixtures & trims but no impact on fit/finish
Comes with ₹20,000 lower price tag because of it
Wear & tear parts
Tyres, clutch, brakes & more
8.2
Good
View full report
No immediate servicing required
(Inquire at test drive for more details)"
2021 Mahindra XUV 300 W8 (O) 1.2 Petrol*,"₹ 7,40,000","Car Overview
*Note:   Make & registration years are different.
Make Year
Oct 2022
Registration Year
Jan 2021
Fuel Type
Petrol (BSIV)
Km driven
37K km
Transmission
Manual (Regular)
No. of Owner
1st Owner
Insurance Validity
Apr 2027
Insurance Type
Third Party
RTO
TS07
Car Location
Kukatpally, Hyderabad","Quality report
1573 parts evaluated by 5 automotive experts
Meter not tampered
Non-flooded
Core structure intact
Core systems
Engine, transmission & chassis
9.9
Excellent
Supporting systems
Fuel supply, ignition & other systems
9.8
Excellent
Interiors & AC
Seats, AC, audio & other features
9.2
Excellent
Exteriors & lights
Panels, glasses, lights & fixtures
8.4
Good
Wear & tear parts
Tyres, clutch, brakes & more
8.9
Good
View full report
No immediate servicing required
(Inquire at test drive for more details)"
2022 Volkswagen Taigun Highline 1.0 TSI MT,"₹ 8,32,000","Car Overview
Make Year
Jun 2022
Registration Year
Dec 2022
Fuel Type
Petrol (BSVI)
Km driven
18K km
Transmission
Manual (Regular)
No. of Owner
1st Owner
Insurance Validity
Apr 2027
Insurance Type
Third Party
RTO
TS07
Car Location
Kukatpally, Hyderabad","Quality report
1573 parts evaluated by 5 automotive experts
Meter not tampered
Non-flooded
Core structure intact
Core systems
Engine, transmission & chassis
9.9
Excellent
Supporting systems
Fuel supply, ignition & other systems
9.9
Excellent
Interiors & AC
Seats, AC, audio & other features
9.4
Excellent
Exteriors & lights
Panels, glasses, lights & fixtures
9.2
Excellent
Wear & tear parts
Tyres, clutch, brakes & more
9.1
Excellent
View full report
No immediate servicing required
(Inquire at test drive for more details)"
2022 Hyundai Alcazar Signature (O) 7 Seater 1.5 Diesel AT,Save ~₹10 lakhs on this 4 years old car compared to buying new car of same variant,"Car Overview
Make Year
Mar 2022
Registration Year
Jun 2022
Fuel Type
Diesel (BSIV)
Km driven
64K km
Transmission
Automatic (Torque Convertor)
No. of Owner
1st Owner
Insurance Validity
Apr 2027
Insurance Type
Third Party
RTO
TS11
Car Location
Kukatpally, Hyderabad","Quality report
1432 parts evaluated by 5 automotive experts
Meter not tampered
Non-flooded
Core structure intact
Core systems
Engine, transmission & chassis
9.2
Excellent
Supporting systems
Fuel supply, ignition & other systems
8.7
Good
Interiors & AC
Seats, AC, audio & other features
8.7
Good
Exteriors & lights
Panels, glasses, lights & fixtures
8.5
Good
Wear & tear parts
Tyres, clutch, brakes & more
8.2
Good
View full report
No immediate servicing required
(Inquire at test drive for more details)"
2025 Volkswagen Taigun Highline Plus 1.0 TSI MT*,"₹ 10,68,800","Car Overview
*Note:   Make & registration years are different.
Make Year
Oct 2024
Registration Year
Mar 2025
Fuel Type
Petrol
Km driven
11K km
Transmission
Manual (Regular)
No. of Owner
1st Owner
Insurance Validity
Apr 2027
Insurance Type
Third Party
RTO
TG08
Car Location
Kukatpally, Hyderabad","Quality report
1573 parts evaluated by 5 automotive experts
Meter not tampered
Non-flooded
Core structure intact
Core systems
Engine, transmission & chassis
9.9
Excellent
Supporting systems
Fuel supply, ignition & other systems
9.9
Excellent
Interiors & AC
Seats, AC, audio & other features
9.5
Excellent
Exteriors & lights
Panels, glasses, lights & fixtures
9.1
Excellent
Wear & tear parts
Tyres, clutch, brakes & more
9.2
Excellent
View full report
No immediate servicing required
(Inquire at test drive for more details)"
2023 Maruti Suzuki Grand Vitara Alpha Smart Hybrid AllGrip*,"₹ 9,88,000","Car Overview
*Note:   Make & registration years are different.
Make Year
Oct 2022
Registration Year
Feb 2023
Fuel Type
Petrol (BSVI)
Km driven
59K km
Transmission
Manual (Regular)
No. of Owner
2nd Owner
Insurance Validity
Apr 2027
Insurance Type
Third Party
RTO
AP39
Car Location
Uppal, Hyderabad","Quality report
1573 parts evaluated by 5 automotive experts
Meter not tampered
Non-flooded
Core structure intact
Core systems
Engine, transmission & chassis
9.8
Excellent
Supporting systems
Fuel supply, ignition & other systems
9.6
Excellent
Interiors & AC
Seats, AC, audio & other features
9.0
Excellent
Exteriors & lights
Panels, glasses, lights & fixtures
9.2
Excellent
Wear & tear parts
Tyres, clutch, brakes & more
8.5
Good
View full report
No immediate servicing required
(Inquire at test drive for more details)"
2023 Hyundai Alcazar Platinum 7 STR 1.5 Diesel,"₹ 13,58,135","Car Overview
Make Year
May 2023
Registration Year
Jul 2023
Fuel Type
Diesel
Km driven
25K km
Transmission
Manual (Regular)
No. of Owner
1st Owner
Insurance Validity
Apr 2027
Insurance Type
Third Party
RTO
TS13
Car Location
Kukatpally, Hyderabad","Quality report
1576 parts evaluated by 5 automotive experts
Meter not tampered
Non-flooded
Core structure intact
Core systems
Engine, transmission & chassis
9.9
Excellent
Supporting systems
Fuel supply, ignition & other systems
9.7
Excellent
Interiors & AC
Seats, AC, audio & other features
9.6
Excellent
Exteriors & lights
Panels, glasses, lights & fixtures
9.5
Excellent
Wear & tear parts
Tyres, clutch, brakes & more
9.0
Excellent
View full report
No immediate servicing required
(Inquire at test drive for more details)"
2020 MG Motors Hector Sharp 2.0 Diesel,"₹ 8,71,200","Car Overview
Make Year
May 2020
Registration Year
Aug 2020
Fuel Type
Diesel (BSVI)
Km driven
93K km
Transmission
Manual (Regular)
No. of Owner
1st Owner
Insurance Validity
Apr 2027
Insurance Type
Third Party
RTO
TS02
Car Location
Kukatpally, Hyderabad","Quality report
1576 parts evaluated by 5 automotive experts
Meter not tampered
Non-flooded
Core structure intact
Core systems
Engine, transmission & chassis
9.5
Excellent
Supporting systems
Fuel supply, ignition & other systems
9.1
Excellent
Interiors & AC
Seats, AC, audio & other features
8.7
Good
Exteriors & lights
Panels, glasses, lights & fixtures
8.5
Good
Wear & tear parts
Tyres, clutch, brakes & more
7.3
Fair
Clutch has few imperfections, engagement still smooth
Comes with ₹66,000 lower price tag because of it
View full report
No immediate servicing required
(Inquire at test drive for more details)"
2021 Hyundai Creta SX (O) 1.4 Turbo 7 DCT,"₹ 10,90,400","Car Overview
Make Year
Apr 2021
Registration Year
Jun 2021
Fuel Type
Petrol
Km driven
54K km
Transmission
Automatic (DCT)
No. of Owner
1st Owner
Insurance Validity
Apr 2027
Insurance Type
Third Party
RTO
TS08
Car Location
Kukatpally, Hyderabad","Quality report
1452 parts evaluated by 5 automotive experts
Meter not tampered
Non-flooded
Core structure intact
Core systems
Engine, transmission & chassis
9.8
Excellent
Supporting systems
Fuel supply, ignition & other systems
9.5
Excellent
Interiors & AC
Seats, AC, audio & other features
8.0
Good
Exteriors & lights
Panels, glasses, lights & fixtures
8.1
Good
Wear & tear parts
Tyres, clutch, brakes & more
8.1
Good
View full report
Next service due after 12 months or 10,000 km
(whichever comes first post delivery)"
2016 Hyundai Creta 1.6 SX Plus Petrol,"₹ 5,34,400","Car Overview
Make Year
Mar 2016
Registration Year
Apr 2016
Fuel Type
Petrol (BSIV)
Km driven
112K km
Transmission
Manual (Regular)
No. of Owner
1st Owner
Insurance Validity
Apr 2027
Insurance Type
Third Party
RTO
TS09
Car Location
Hafeezpet, Hyderabad","Quality report
1573 parts evaluated by 5 automotive experts
Meter not tampered
Non-flooded
Core structure intact
Core systems
Engine, transmission & chassis
9.6
Excellent
Supporting systems
Fuel supply, ignition & other systems
9.1
Excellent
Interiors & AC
Seats, AC, audio & other features
7.9
Fair
Few flaws in features & accessories, feature functionality remains reliable
Comes with ₹13,000 lower price tag because of it
Exteriors & lights
Panels, glasses, lights & fixtures
7.7
Fair
Imperfections on body panels but no impact on build quality
Comes with ₹15,000 lower price tag because of it
Wear & tear parts
Tyres, clutch, brakes & more
8.9
Good
View full report
No immediate servicing required
(Inquire at test drive for more details)"
2022 Kia Seltos GTX Plus 1.4 DCT,"₹ 11,20,800","Car Overview
Make Year
Jul 2022
Registration Year
Sep 2022
Fuel Type
Petrol (BSIV)
Km driven
47K km
Transmission
Automatic (DCT)
No. of Owner
1st Owner
Insurance Validity
Oct 2026
Insurance Type
Comprehensive
RTO
TS08
Car Location
Hafeezpet, Hyderabad","Quality report
1452 parts evaluated by 5 automotive experts
Meter not tampered
Non-flooded
Core structure intact
Core systems
Engine, transmission & chassis
9.8
Excellent
Supporting systems
Fuel supply, ignition & other systems
9.6
Excellent
Interiors & AC
Seats, AC, audio & other features
9.3
Excellent
Exteriors & lights
Panels, glasses, lights & fixtures
8.8
Good
Wear & tear parts
Tyres, clutch, brakes & more
8.2
Good
View full report
No immediate servicing required
(Inquire at test drive for more details)"
2021 MG Motors Hector Plus Sharp 2.0 Diesel*,"₹ 9,99,200","Car Overview
*Note:   Make & registration years are different.
Make Year
Oct 2020
Registration Year
Jan 2021
Fuel Type
Diesel (BSVI)
Km driven
57K km
Transmission
Manual (Regular)
No. of Owner
1st Owner
Insurance Validity
Dec 2026
Insurance Type
Comprehensive
RTO
AP39
Car Location
Kukatpally, Hyderabad","Quality report
1576 parts evaluated by 5 automotive experts
Meter not tampered
Non-flooded
Core structure intact
Core systems
Engine, transmission & chassis
9.8
Excellent
Supporting systems
Fuel supply, ignition & other systems
9.4
Excellent
Interiors & AC
Seats, AC, audio & other features
9.2
Excellent
Exteriors & lights
Panels, glasses, lights & fixtures
9.0
Excellent
Wear & tear parts
Tyres, clutch, brakes & more
8.5
Good
View full report
No immediate servicing required
(Inquire at test drive for more details)"
2022 Honda WR-V VX MT Petrol,Priced ~₹4 lakhs lower compared to it's original new car on-road price,"Car Overview
Make Year
Sep 2022
Registration Year
Dec 2022
Fuel Type
Petrol (BSVI)
Km driven
21K km
Transmission
Manual (Regular)
No. of Owner
1st Owner
Insurance Validity
Jan 2027
Insurance Type
Comprehensive
RTO
TS08
Car Location
Uppal, Hyderabad","Quality report
1573 parts evaluated by 5 automotive experts
Meter not tampered
Non-flooded
Core structure intact
Core systems
Engine, transmission & chassis
9.9
Excellent
Supporting systems
Fuel supply, ignition & other systems
9.8
Excellent
Interiors & AC
Seats, AC, audio & other features
9.0
Excellent
Exteriors & lights
Panels, glasses, lights & fixtures
9.0
Excellent
Wear & tear parts
Tyres, clutch, brakes & more
8.8
Good
View full report
Next service due after 12 months or 10,000 km
(whichever comes first post delivery)"
2023 Nissan Magnite XV Premium Dual Tone,"₹ 5,17,600","Car Overview
Make Year
Jan 2023
Registration Year
Feb 2023
Fuel Type
Petrol (BSVI)
Km driven
70K km
Transmission
Manual (Regular)
No. of Owner
1st Owner
Insurance Validity
Apr 2027
Insurance Type
Third Party
RTO
AP39
Car Location
Uppal, Hyderabad","Quality report
1573 parts evaluated by 5 automotive experts
Meter not tampered
Non-flooded
Core structure intact
Core systems
Engine, transmission & chassis
9.7
Excellent
Supporting systems
Fuel supply, ignition & other systems
9.3
Excellent
Interiors & AC
Seats, AC, audio & other features
8.2
Good
Exteriors & lights
Panels, glasses, lights & fixtures
8.5
Good
Wear & tear parts
Tyres, clutch, brakes & more
7.9
Fair
Few components have experienced wear and tear
Comes with ₹29,000 lower price tag because of it
View full report
Next service due after 12 months or 10,000 km
(whichever comes first post delivery)"
2022 Tata Punch Creative Dual Tone AMT,"₹ 6,13,600","Car Overview
Make Year
Jan 2022
Registration Year
Mar 2022
Fuel Type
Petrol (BSVI)
Km driven
27K km
Transmission
Automatic (AMT)
No. of Owner
1st Owner
Insurance Validity
Apr 2027
Insurance Type
Third Party
RTO
TS08
Car Location
Uppal, Hyderabad","Quality report
1452 parts evaluated by 5 automotive experts
Meter not tampered
Non-flooded
Core structure intact
Core systems
Engine, transmission & chassis
9.8
Excellent
Supporting systems
Fuel supply, ignition & other systems
9.7
Excellent
Interiors & AC
Seats, AC, audio & other features
9.6
Excellent
Exteriors & lights
Panels, glasses, lights & fixtures
9.3
Excellent
Wear & tear parts
Tyres, clutch, brakes & more
8.3
Good
View full report
Next service due after 12 months or 15,000 km
(whichever comes first post delivery)"
2016 Maruti Suzuki S-Cross Alpha 1.6,"₹ 4,74,400","Car Overview
Make Year
May 2016
Registration Year
Sep 2016
Fuel Type
Diesel (BSIV)
Km driven
100K km
Transmission
Manual (Regular)
No. of Owner
2nd Owner
Insurance Validity
Apr 2027
Insurance Type
Third Party
RTO
AP40
Car Location
Kukatpally, Hyderabad","Quality report
1576 parts evaluated by 5 automotive experts
Meter not tampered
Non-flooded
Core structure intact
Core systems
Engine, transmission & chassis
9.5
Excellent
Supporting systems
Fuel supply, ignition & other systems
9.1
Excellent
Interiors & AC
Seats, AC, audio & other features
7.7
Fair
Few flaws in audio & infotainment, functionality remains good
Comes with ₹13,000 lower price tag because of it
Exteriors & lights
Panels, glasses, lights & fixtures
7.8
Fair
Imperfections on body panels but no impact on build quality
Comes with ₹11,000 lower price tag because of it
Wear & tear parts
Tyres, clutch, brakes & more
8.4
Good
View full report
No immediate servicing required
(Inquire at test drive for more details)"
2018 Mahindra XUV500 W11 AT,"₹ 9,35,922","Car Overview
Make Year
May 2018
Registration Year
Jul 2018
Fuel Type
Diesel (BSIV)
Km driven
102K km
Transmission
Automatic (Torque Convertor)
No. of Owner
1st Owner
Insurance Validity
Apr 2027
Insurance Type
Third Party
RTO
TS07
Car Location
Kukatpally, Hyderabad","Quality report
1432 parts evaluated by 5 automotive experts
Meter not tampered
Non-flooded
Core structure intact
Core systems
Engine, transmission & chassis
9.3
Excellent
Supporting systems
Fuel supply, ignition & other systems
9.2
Excellent
Interiors & AC
Seats, AC, audio & other features
8.1
Good
Exteriors & lights
Panels, glasses, lights & fixtures
7.6
Fair
Imperfections on glasses & mirrors but no impact on visibility
Comes with ₹33,000 lower price tag because of it
Wear & tear parts
Tyres, clutch, brakes & more
7.6
Fair
Few components have experienced wear and tear
Comes with ₹51,000 lower price tag because of it
View full report
No immediate servicing required
(Inquire at test drive for more details)"
2023 Renault Kiger RXT (O) MT Dual Tone,"₹ 5,02,400","Car Overview
Make Year
Mar 2023
Registration Year
Dec 2023
Fuel Type
Petrol (BSVI)
Km driven
25K km
Transmission
Manual (Regular)
No. of Owner
1st Owner
Insurance Validity
Nov 2026
Insurance Type
Comprehensive
RTO
TS08
Car Location
Kukatpally, Hyderabad","Quality report
1573 parts evaluated by 5 automotive experts
Meter not tampered
Non-flooded
Core structure intact
Core systems
Engine, transmission & chassis
9.9
Excellent
Supporting systems
Fuel supply, ignition & other systems
9.8
Excellent
Interiors & AC
Seats, AC, audio & other features
9.3
Excellent
Exteriors & lights
Panels, glasses, lights & fixtures
9.5
Excellent
Wear & tear parts
Tyres, clutch, brakes & more
9.2
Excellent
View full report
Next service due after 12 months or 10,000 km
(whichever comes first post delivery)"
2023 Skoda Kushaq Ambition 1.0L TSI MT,"₹ 8,21,600","Car Overview
Make Year
Jan 2023
Registration Year
Mar 2023
Fuel Type
Petrol (BSVI)
Km driven
25K km
Transmission
Manual (Regular)
No. of Owner
2nd Owner
Insurance Validity
Apr 2027
Insurance Type
Third Party
RTO
TS07
Car Location
Kukatpally, Hyderabad","Quality report
1573 parts evaluated by 5 automotive experts
Meter not tampered
Non-flooded
Core structure intact
Core systems
Engine, transmission & chassis
9.9
Excellent
Supporting systems
Fuel supply, ignition & other systems
9.8
Excellent
Interiors & AC
Seats, AC, audio & other features
9.4
Excellent
Exteriors & lights
Panels, glasses, lights & fixtures
9.4
Excellent
Wear & tear parts
Tyres, clutch, brakes & more
9.0
Excellent
View full report
No immediate servicing required
(Inquire at test drive for more details)"
2017 Hyundai Creta SX Plus 1.6 Petrol,"₹ 5,43,200","Car Overview
Make Year
Sep 2017
Registration Year
Dec 2017
Fuel Type
Petrol
Km driven
123K km
Transmission
Manual (Regular)
No. of Owner
1st Owner
Insurance Validity
Apr 2027
Insurance Type
Third Party
RTO
TS08
Car Location
Kukatpally, Hyderabad","Quality report
1573 parts evaluated by 5 automotive experts
Meter not tampered
Non-flooded
Core structure intact
Core systems
Engine, transmission & chassis
9.5
Excellent
Supporting systems
Fuel supply, ignition & other systems
9.1
Excellent
Interiors & AC
Seats, AC, audio & other features
7.6
Fair
Few flaws in ac, cooling remains reliable
Comes with ₹16,000 lower price tag because of it
Exteriors & lights
Panels, glasses, lights & fixtures
7.7
Fair
Imperfections on body fixtures & trims but no impact on fit/finish
Comes with ₹17,000 lower price tag because of it
Wear & tear parts
Tyres, clutch, brakes & more
8.8
Good
View full report
No immediate servicing required
(Inquire at test drive for more details)"
2023 Maruti Suzuki Brezza Zxi Plus AT Dual Tone,"₹ 9,36,800","Car Overview
Make Year
Jun 2023
Registration Year
Jul 2023
Fuel Type
Petrol (BSVI)
Km driven
41K km
Transmission
Automatic (Torque Convertor)
No. of Owner
1st Owner
Insurance Validity
Apr 2027
Insurance Type
Third Party
RTO
AP40
Car Location
Uppal, Hyderabad","Quality report
1452 parts evaluated by 5 automotive experts
Meter not tampered
Non-flooded
Core structure intact
Core systems
Engine, transmission & chassis
9.8
Excellent
Supporting systems
Fuel supply, ignition & other systems
9.6
Excellent
Interiors & AC
Seats, AC, audio & other features
9.2
Excellent
Exteriors & lights
Panels, glasses, lights & fixtures
9.1
Excellent
Wear & tear parts
Tyres, clutch, brakes & more
8.3
Good
View full report
No immediate servicing required
(Inquire at test drive for more details)"
2023 Hyundai Creta EX 1.5 Petrol,"₹ 9,01,600","Car Overview
Make Year
Sep 2023
Registration Year
Nov 2023
Fuel Type
Petrol
Km driven
15K km
Transmission
Manual (Regular)
No. of Owner
1st Owner
Insurance Validity
Apr 2027
Insurance Type
Third Party
RTO
TS03
Car Location
Kukatpally, Hyderabad","Quality report
1573 parts evaluated by 5 automotive experts
Meter not tampered
Non-flooded
Core structure intact
Core systems
Engine, transmission & chassis
9.9
Excellent
Supporting systems
Fuel supply, ignition & other systems
9.9
Excellent
Interiors & AC
Seats, AC, audio & other features
9.5
Excellent
Exteriors & lights
Panels, glasses, lights & fixtures
9.4
Excellent
Wear & tear parts
Tyres, clutch, brakes & more
9.3
Excellent
View full report
Next service due after 12 months or 10,000 km
(whichever comes first post delivery)"
2016 Maruti Suzuki S-Cross Delta 1.6*,"₹ 3,67,200","Car Overview
*Note:   Make & registration years are different.
Make Year
Jul 2015
Registration Year
Feb 2016
Fuel Type
Diesel (BSIV)
Km driven
131K km
Transmission
Manual (Regular)
No. of Owner
2nd Owner
Insurance Validity
Apr 2027
Insurance Type
Third Party
RTO
TS10
Car Location
Uppal, Hyderabad","Quality report
1576 parts evaluated by 5 automotive experts
Meter not tampered
Non-flooded
Core structure intact
Core systems
Engine, transmission & chassis
9.0
Excellent
Supporting systems
Fuel supply, ignition & other systems
8.8
Good
Interiors & AC
Seats, AC, audio & other features
7.7
Fair
Few flaws in features & accessories, feature functionality remains reliable
Comes with ₹10,000 lower price tag because of it
Exteriors & lights
Panels, glasses, lights & fixtures
6.9
Average
Imperfections on glasses & mirrors but no impact on visibility
Comes with ₹15,000 lower price tag because of it
Wear & tear parts
Tyres, clutch, brakes & more
8.4
Good
View full report
No immediate servicing required
(Inquire at test drive for more details)"
2013 Ford EcoSport Ambiente 1.5 TDCi,"₹ 3,16,800","Car Overview
Make Year
Jul 2013
Registration Year
Sep 2013
Fuel Type
Diesel (BSIV)
Km driven
117K km
Transmission
Manual (Regular)
No. of Owner
1st Owner
Insurance Validity
Apr 2027
Insurance Type
Third Party
RTO
AP09
Car Location
Uppal, Hyderabad","Quality report
1576 parts evaluated by 5 automotive experts
Meter not tampered
Non-flooded
Core structure intact
Core systems
Engine, transmission & chassis
9.4
Excellent
Supporting systems
Fuel supply, ignition & other systems
8.9
Good
Interiors & AC
Seats, AC, audio & other features
8.0
Good
Exteriors & lights
Panels, glasses, lights & fixtures
7.7
Fair
Imperfections on body fixtures & trims but no impact on fit/finish
Comes with ₹10,000 lower price tag because of it
Wear & tear parts
Tyres, clutch, brakes & more
8.7
Good
View full report
No immediate servicing required
(Inquire at test drive for more details)"
2024 Mahindra Thar LX Hard Top Diesel MT 4WD,"₹ 12,47,200","Car Overview
Make Year
Feb 2024
Registration Year
Mar 2024
Fuel Type
Diesel (BSIV)
Km driven
15K km
Transmission
Manual (Regular)
No. of Owner
1st Owner
Insurance Validity
Feb 2027
Insurance Type
Comprehensive
RTO
TG09
Car Location
Kukatpally, Hyderabad","Quality report
1576 parts evaluated by 5 automotive experts
Meter not tampered
Non-flooded
Core structure intact
Core systems
Engine, transmission & chassis
9.9
Excellent
Supporting systems
Fuel supply, ignition & other systems
9.9
Excellent
Interiors & AC
Seats, AC, audio & other features
9.7
Excellent
Exteriors & lights
Panels, glasses, lights & fixtures
9.5
Excellent
Wear & tear parts
Tyres, clutch, brakes & more
9.4
Excellent
View full report
Next service due after 12 months or 10,000 km
(whichever comes first post delivery)"
2024 Maruti Suzuki Grand Vitara Zeta Plus Intelligent Hybrid eCVT,"₹ 13,60,766","Car Overview
Make Year
Feb 2024
Registration Year
Jun 2024
Fuel Type
Hybrid (BSVI)
Km driven
24K km
Transmission
Automatic (CVT)
No. of Owner
1st Owner
Insurance Validity
Apr 2027
Insurance Type
Third Party
RTO
AP40
Car Location
Hafeezpet, Hyderabad","Quality report
1424 parts evaluated by 5 automotive experts
Meter not tampered
Non-flooded
Core structure intact
Core systems
Engine, transmission & chassis
9.9
Excellent
Supporting systems
Fuel supply, ignition & other systems
9.7
Excellent
Interiors & AC
Seats, AC, audio & other features
9.7
Excellent
Exteriors & lights
Panels, glasses, lights & fixtures
9.1
Excellent
Wear & tear parts
Tyres, clutch, brakes & more
8.9
Good
View full report
No immediate servicing required
(Inquire at test drive for more details)"
2023 Mahindra Scorpio N Z8 L Petrol AT 7 STR,"₹ 14,98,400","Car Overview
Make Year
Feb 2023
Registration Year
Jul 2023
Fuel Type
Petrol (BSIV)
Km driven
55K km
Transmission
Automatic (Torque Convertor)
No. of Owner
1st Owner
Insurance Validity
Apr 2027
Insurance Type
Third Party
RTO
TS08
Car Location
Kukatpally, Hyderabad","Quality report
1452 parts evaluated by 5 automotive experts
Meter not tampered
Non-flooded
Core structure intact
Core systems
Engine, transmission & chassis
9.8
Excellent
Supporting systems
Fuel supply, ignition & other systems
9.6
Excellent
Interiors & AC
Seats, AC, audio & other features
9.4
Excellent
Exteriors & lights
Panels, glasses, lights & fixtures
9.1
Excellent
Wear & tear parts
Tyres, clutch, brakes & more
8.1
Good
View full report
No immediate servicing required
(Inquire at test drive for more details)"
2023 MG Motors Hector Plus Sharp Pro 2.0 Turbo Diesel 6 STR,Save ~₹9.5 lakhs on this 3.5 years old car compared to buying new car of same variant,"Car Overview
Make Year
Jan 2023
Registration Year
Feb 2023
Fuel Type
Diesel (BSVI)
Km driven
26K km
Transmission
Manual (Regular)
No. of Owner
1st Owner
Insurance Validity
Apr 2027
Insurance Type
Third Party
RTO
AP39
Car Location
Kukatpally, Hyderabad","Quality report
1576 parts evaluated by 5 automotive experts
Meter not tampered
Non-flooded
Core structure intact
Core systems
Engine, transmission & chassis
9.9
Excellent
Supporting systems
Fuel supply, ignition & other systems
9.8
Excellent
Interiors & AC
Seats, AC, audio & other features
9.6
Excellent
Exteriors & lights
Panels, glasses, lights & fixtures
9.5
Excellent
Wear & tear parts
Tyres, clutch, brakes & more
8.8
Good
View full report
No immediate servicing required
(Inquire at test drive for more details)"
2023 Hyundai Alcazar Signature (O) 6 STR 1.5 Petrol DCT,"₹ 14,53,600","Car Overview
Make Year
Apr 2023
Registration Year
Dec 2023
Fuel Type
Petrol (BSVI)
Km driven
30K km
Transmission
Automatic (DCT)
No. of Owner
1st Owner
Insurance Validity
Apr 2027
Insurance Type
Third Party
RTO
AP40
Car Location
Kukatpally, Hyderabad","Quality report
1452 parts evaluated by 5 automotive experts
Meter not tampered
Non-flooded
Core structure intact
Core systems
Engine, transmission & chassis
9.9
Excellent
Supporting systems
Fuel supply, ignition & other systems
9.7
Excellent
Interiors & AC
Seats, AC, audio & other features
9.4
Excellent
Exteriors & lights
Panels, glasses, lights & fixtures
9.1
Excellent
Wear & tear parts
Tyres, clutch, brakes & more
8.6
Good
View full report
No immediate servicing required
(Inquire at test drive for more details)"
2021 Skoda Kushaq Ambition 1.0L TSI AT,"₹ 7,29,600","Car Overview
Make Year
Aug 2021
Registration Year
Nov 2021
Fuel Type
Petrol (BSIV)
Km driven
112K km
Transmission
Automatic (Torque Convertor)
No. of Owner
1st Owner
Insurance Validity
Apr 2027
Insurance Type
Third Party
RTO
TS09
Car Location
Kukatpally, Hyderabad","Quality report
1452 parts evaluated by 5 automotive experts
Meter not tampered
Non-flooded
Core structure intact
Core systems
Engine, transmission & chassis
9.6
Excellent
Supporting systems
Fuel supply, ignition & other systems
9.2
Excellent
Interiors & AC
Seats, AC, audio & other features
8.1
Good
Exteriors & lights
Panels, glasses, lights & fixtures
8.2
Good
Wear & tear parts
Tyres, clutch, brakes & more
8.2
Good
View full report
No immediate servicing required
(Inquire at test drive for more details)"
2021 Mahindra XUV700 AX 5 Petrol AT 5 STR,"₹ 10,95,200","Car Overview
Make Year
Oct 2021
Registration Year
Dec 2021
Fuel Type
Petrol (BSVI)
Km driven
95K km
Transmission
Automatic (Torque Convertor)
No. of Owner
1st Owner
Insurance Validity
Nov 2026
Insurance Type
Comprehensive
RTO
AP39
Car Location
Kukatpally, Hyderabad","Quality report
1452 parts evaluated by 5 automotive experts
Meter not tampered
Non-flooded
Core structure intact
Core systems
Engine, transmission & chassis
9.7
Excellent
Supporting systems
Fuel supply, ignition & other systems
9.3
Excellent
Interiors & AC
Seats, AC, audio & other features
8.5
Good
Exteriors & lights
Panels, glasses, lights & fixtures
8.5
Good
Wear & tear parts
Tyres, clutch, brakes & more
8.8
Good
View full report
No immediate servicing required
(Inquire at test drive for more details)"
2022 Renault Kiger RXZ AMT,"₹ 4,48,800","Car Overview
Make Year
Jan 2022
Registration Year
Apr 2022
Fuel Type
Petrol (BSVI)
Km driven
89K km
Transmission
Automatic (AMT)
No. of Owner
1st Owner
Insurance Validity
Aug 2026
Insurance Type
Comprehensive
RTO
TS07
Car Location
Kukatpally, Hyderabad","Quality report
1452 parts evaluated by 5 automotive experts
Meter not tampered
Non-flooded
Core structure intact
Core systems
Engine, transmission & chassis
9.4
Excellent
Supporting systems
Fuel supply, ignition & other systems
8.9
Good
Interiors & AC
Seats, AC, audio & other features
8.6
Good
Exteriors & lights
Panels, glasses, lights & fixtures
8.8
Good
Wear & tear parts
Tyres, clutch, brakes & more
8.5
Good
View full report
No immediate servicing required
(Inquire at test drive for more details)"
2021 Ford EcoSport Titanium Plus 1.5L Ti-VCT AT,"₹ 6,80,800","Car Overview
Make Year
Jan 2021
Registration Year
Feb 2021
Fuel Type
Petrol (BSVI)
Km driven
61K km
Transmission
Automatic (Torque Convertor)
No. of Owner
1st Owner
Insurance Validity
Apr 2027
Insurance Type
Third Party
RTO
AP39
Car Location
Uppal, Hyderabad","Quality report
1452 parts evaluated by 5 automotive experts
Meter not tampered
Non-flooded
Core structure intact
Core systems
Engine, transmission & chassis
9.8
Excellent
Supporting systems
Fuel supply, ignition & other systems
9.6
Excellent
Interiors & AC
Seats, AC, audio & other features
9.0
Excellent
Exteriors & lights
Panels, glasses, lights & fixtures
8.9
Good
Wear & tear parts
Tyres, clutch, brakes & more
7.9
Fair
Few components have experienced wear and tear
Comes with ₹32,000 lower price tag because of it
View full report
No immediate servicing required
(Inquire at test drive for more details)"
2023 Kia Sonet X Line 1.5 Diesel AT,"₹ 10,47,200","Car Overview
Make Year
Jun 2023
Registration Year
Aug 2023
Fuel Type
Diesel (BSVI)
Km driven
35K km
Transmission
Automatic (Torque Convertor)
No. of Owner
1st Owner
Insurance Validity
Apr 2027
Insurance Type
Third Party
RTO
TS16
Car Location
Hafeezpet, Hyderabad","Quality report
1432 parts evaluated by 5 automotive experts
Meter not tampered
Non-flooded
Core structure intact
Core systems
Engine, transmission & chassis
9.8
Excellent
Supporting systems
Fuel supply, ignition & other systems
9.8
Excellent
Interiors & AC
Seats, AC, audio & other features
9.3
Excellent
Exteriors & lights
Panels, glasses, lights & fixtures
9.3
Excellent
Wear & tear parts
Tyres, clutch, brakes & more
8.8
Good
View full report
No immediate servicing required
(Inquire at test drive for more details)"
2022 Tata Punch Creative Dual Tone AMT,"₹ 6,19,200","Car Overview
Make Year
Aug 2022
Registration Year
Nov 2022
Fuel Type
Petrol (BSVI)
Km driven
16K km
Transmission
Automatic (AMT)
No. of Owner
1st Owner
Insurance Validity
Feb 2027
Insurance Type
Comprehensive
RTO
TS08
Car Location
Kukatpally, Hyderabad","Quality report
1452 parts evaluated by 5 automotive experts
Meter not tampered
Non-flooded
Core structure intact
Core systems
Engine, transmission & chassis
9.9
Excellent
Supporting systems
Fuel supply, ignition & other systems
9.8
Excellent
Interiors & AC
Seats, AC, audio & other features
9.2
Excellent
Exteriors & lights
Panels, glasses, lights & fixtures
9.5
Excellent
Wear & tear parts
Tyres, clutch, brakes & more
9.3
Excellent
View full report
Next service due after 12 months or 15,000 km
(whichever comes first post delivery)"
2020 MG Motors Hector Super 1.5 Petrol*,"₹ 8,36,800","Car Overview
*Note:   Make & registration years are different.
Make Year
Nov 2019
Registration Year
Mar 2020
Fuel Type
Petrol (BSVI)
Km driven
45K km
Transmission
Manual (Regular)
No. of Owner
1st Owner
Insurance Validity
Apr 2027
Insurance Type
Third Party
RTO
TS15
Car Location
Kukatpally, Hyderabad","Quality report
1573 parts evaluated by 5 automotive experts
Meter not tampered
Non-flooded
Core structure intact
Core systems
Engine, transmission & chassis
9.8
Excellent
Supporting systems
Fuel supply, ignition & other systems
9.5
Excellent
Interiors & AC
Seats, AC, audio & other features
9.2
Excellent
Exteriors & lights
Panels, glasses, lights & fixtures
8.6
Good
Wear & tear parts
Tyres, clutch, brakes & more
8.5
Good
View full report
No immediate servicing required
(Inquire at test drive for more details)"
2022 Kia Seltos GTX Plus 1.5 Diesel AT Dual Tone,"₹ 12,01,600","Car Overview
Make Year
Jan 2022
Registration Year
Feb 2022
Fuel Type
Diesel (BSVI)
Km driven
58K km
Transmission
Automatic (Torque Convertor)
No. of Owner
1st Owner
Insurance Validity
Apr 2027
Insurance Type
Third Party
RTO
TS36
Car Location
Kukatpally, Hyderabad","Quality report
1432 parts evaluated by 5 automotive experts
Meter not tampered
Non-flooded
Core structure intact
Core systems
Engine, transmission & chassis
9.6
Excellent
Supporting systems
Fuel supply, ignition & other systems
9.2
Excellent
Interiors & AC
Seats, AC, audio & other features
8.7
Good
Exteriors & lights
Panels, glasses, lights & fixtures
9.0
Excellent
Wear & tear parts
Tyres, clutch, brakes & more
8.4
Good
View full report
No immediate servicing required
(Inquire at test drive for more details)"
2023 Renault Kiger RXZ MT,"₹ 5,27,200","Car Overview
Make Year
Feb 2023
Registration Year
Apr 2023
Fuel Type
Petrol
Km driven
21K km
Transmission
Manual (Regular)
No. of Owner
1st Owner
Insurance Validity
Apr 2027
Insurance Type
Third Party
RTO
TS13
Car Location
Kukatpally, Hyderabad","Quality report
1573 parts evaluated by 5 automotive experts
Meter not tampered
Non-flooded
Core structure intact
Core systems
Engine, transmission & chassis
9.8
Excellent
Supporting systems
Fuel supply, ignition & other systems
9.7
Excellent
Interiors & AC
Seats, AC, audio & other features
9.6
Excellent
Exteriors & lights
Panels, glasses, lights & fixtures
9.1
Excellent
Wear & tear parts
Tyres, clutch, brakes & more
8.9
Good
View full report
No immediate servicing required
(Inquire at test drive for more details)"
2020 Renault Duster RXZ Turbo Petrol,"₹ 6,04,800","Car Overview
Make Year
Oct 2020
Registration Year
Nov 2020
Fuel Type
Petrol (BSVI)
Km driven
46K km
Transmission
Manual (Regular)
No. of Owner
1st Owner
Insurance Validity
Apr 2027
Insurance Type
Third Party
RTO
AP39
Car Location
Hafeezpet, Hyderabad","Quality report
1573 parts evaluated by 5 automotive experts
Meter not tampered
Non-flooded
Core structure intact
Core systems
Engine, transmission & chassis
9.8
Excellent
Supporting systems
Fuel supply, ignition & other systems
9.7
Excellent
Interiors & AC
Seats, AC, audio & other features
9.0
Excellent
Exteriors & lights
Panels, glasses, lights & fixtures
8.9
Good
Wear & tear parts
Tyres, clutch, brakes & more
8.6
Good
View full report
No immediate servicing required
(Inquire at test drive for more details)"
2018 Maruti Suzuki Vitara Brezza ZDi AGS,"₹ 5,19,200","Car Overview
Make Year
Sep 2018
Registration Year
Oct 2018
Fuel Type
Diesel (BSIV)
Km driven
125K km
Transmission
Automatic (AMT)
No. of Owner
1st Owner
Insurance Validity
Apr 2027
Insurance Type
Third Party
RTO
AP03
Car Location
Kukatpally, Hyderabad","Quality report
1432 parts evaluated by 5 automotive experts
Meter not tampered
Non-flooded
Core structure intact
Core systems
Engine, transmission & chassis
9.1
Excellent
Supporting systems
Fuel supply, ignition & other systems
7.7
Fair
Trivial deviation in air intake, reliability unaffected
Comes with ₹10,000 lower price tag because of it
Interiors & AC
Seats, AC, audio & other features
7.4
Fair
Few flaws in features & accessories, feature functionality remains reliable
Comes with ₹21,000 lower price tag because of it
Exteriors & lights
Panels, glasses, lights & fixtures
7.8
Fair
Imperfections on body fixtures & trims but no impact on fit/finish
Comes with ₹21,000 lower price tag because of it
Wear & tear parts
Tyres, clutch, brakes & more
8.0
Good
View full report
No immediate servicing required
(Inquire at test drive for more details)"
2023 Kia Sonet HTX 1.5 Diesel iMT,Save ~₹5 lakhs on this 3 years old car compared to buying new car of same variant,"Car Overview
Make Year
Apr 2023
Registration Year
May 2023
Fuel Type
Diesel (BSVI)
Km driven
28K km
Transmission
Manual (Regular)
No. of Owner
1st Owner
Insurance Validity
Apr 2027
Insurance Type
Third Party
RTO
AP39
Car Location
Kukatpally, Hyderabad","Quality report
1576 parts evaluated by 5 automotive experts
Meter not tampered
Non-flooded
Core structure intact
Core systems
Engine, transmission & chassis
9.9
Excellent
Supporting systems
Fuel supply, ignition & other systems
9.8
Excellent
Interiors & AC
Seats, AC, audio & other features
9.6
Excellent
Exteriors & lights
Panels, glasses, lights & fixtures
9.3
Excellent
Wear & tear parts
Tyres, clutch, brakes & more
9.1
Excellent
View full report
No immediate servicing required
(Inquire at test drive for more details)"
2023 Mahindra Thar LX Hard Top Diesel AT 4WD,"₹ 11,35,200","Car Overview
Make Year
Jan 2023
Registration Year
Apr 2023
Fuel Type
Diesel (BSVI)
Km driven
44K km
Transmission
Automatic (Torque Convertor)
No. of Owner
1st Owner
Insurance Validity
Apr 2027
Insurance Type
Third Party
RTO
TS08
Car Location
Kukatpally, Hyderabad","Quality report
1432 parts evaluated by 5 automotive experts
Meter not tampered
Non-flooded
Core structure intact
Core systems
Engine, transmission & chassis
9.8
Excellent
Supporting systems
Fuel supply, ignition & other systems
9.7
Excellent
Interiors & AC
Seats, AC, audio & other features
9.4
Excellent
Exteriors & lights
Panels, glasses, lights & fixtures
9.5
Excellent
Wear & tear parts
Tyres, clutch, brakes & more
8.5
Good
View full report
No immediate servicing required
(Inquire at test drive for more details)"
2017 Hyundai Creta 1.6 SX Plus Auto Petrol*,"₹ 5,96,000","Car Overview
*Note:   Make & registration years are different.
Make Year
Oct 2016
Registration Year
Feb 2017
Fuel Type
Petrol (BSIV)
Km driven
110K km
Transmission
Automatic (Torque Convertor)
No. of Owner
1st Owner
Insurance Validity
Apr 2027
Insurance Type
Third Party
RTO
TS07
Car Location
Uppal, Hyderabad","Quality report
1452 parts evaluated by 5 automotive experts
Meter not tampered
Non-flooded
Core structure intact
Core systems
Engine, transmission & chassis
9.5
Excellent
Supporting systems
Fuel supply, ignition & other systems
9.0
Excellent
Interiors & AC
Seats, AC, audio & other features
8.5
Good
Exteriors & lights
Panels, glasses, lights & fixtures
8.0
Good
Wear & tear parts
Tyres, clutch, brakes & more
8.1
Good
View full report
No immediate servicing required
(Inquire at test drive for more details)"
2019 Honda WR-V VX i-VTEC Petrol+cng(Outside Fitted),"₹ 5,11,200","Car Overview
Make Year
Feb 2019
Registration Year
Sep 2019
Fuel Type
Cng (BSIV)
Km driven
46K km
Transmission
Manual (Regular)
No. of Owner
1st Owner
Insurance Validity
Apr 2027
Insurance Type
Third Party
RTO
TS07
Car Location
Uppal, Hyderabad","Quality report
1582 parts evaluated by 5 automotive experts
Meter not tampered
Non-flooded
Core structure intact
Core systems
Engine, transmission & chassis
9.8
Excellent
Supporting systems
Fuel supply, ignition & other systems
9.5
Excellent
Interiors & AC
Seats, AC, audio & other features
8.7
Good
Exteriors & lights
Panels, glasses, lights & fixtures
8.6
Good
Wear & tear parts
Tyres, clutch, brakes & more
8.0
Good
View full report
No immediate servicing required
(Inquire at test drive for more details)"
2023 Mahindra XUV700 AX 5 Diesel MT 5 STR,"₹ 13,01,600","Car Overview
Make Year
May 2023
Registration Year
Jul 2023
Fuel Type
Diesel
Km driven
54K km
Transmission
Manual (Regular)
No. of Owner
1st Owner
Insurance Validity
Apr 2027
Insurance Type
Third Party
RTO
TS08
Car Location
Kukatpally, Hyderabad","Quality report
1576 parts evaluated by 5 automotive experts
Meter not tampered
Non-flooded
Core structure intact
Core systems
Engine, transmission & chassis
9.8
Excellent
Supporting systems
Fuel supply, ignition & other systems
9.6
Excellent
Interiors & AC
Seats, AC, audio & other features
9.2
Excellent
Exteriors & lights
Panels, glasses, lights & fixtures
9.1
Excellent
Wear & tear parts
Tyres, clutch, brakes & more
8.7
Good
View full report
No immediate servicing required
(Inquire at test drive for more details)"
2022 Hyundai Tucson Signature 2.0 AT Petrol,"₹ 20,07,200","Car Overview
Make Year
Nov 2022
Registration Year
Dec 2022
Fuel Type
Petrol (BSVI)
Km driven
19K km
Transmission
Automatic (Torque Convertor)
No. of Owner
1st Owner
Insurance Validity
Apr 2027
Insurance Type
Third Party
RTO
AP39
Car Location
Kukatpally, Hyderabad","Quality report
1452 parts evaluated by 5 automotive experts
Meter not tampered
Non-flooded
Core structure intact
Core systems
Engine, transmission & chassis
9.9
Excellent
Supporting systems
Fuel supply, ignition & other systems
9.9
Excellent
Interiors & AC
Seats, AC, audio & other features
9.7
Excellent
Exteriors & lights
Panels, glasses, lights & fixtures
9.5
Excellent
Wear & tear parts
Tyres, clutch, brakes & more
8.8
Good
View full report
No immediate servicing required
(Inquire at test drive for more details)"
2018 Mahindra TUV300 T4 Plus,"₹ 4,72,800","Car Overview
Make Year
Aug 2018
Registration Year
Dec 2018
Fuel Type
Diesel (BSIV)
Km driven
95K km
Transmission
Manual (Regular)
No. of Owner
1st Owner
Insurance Validity
Apr 2027
Insurance Type
Third Party
RTO
TS08
Car Location
Uppal, Hyderabad","Quality report
1576 parts evaluated by 5 automotive experts
Meter not tampered
Non-flooded
Core structure intact
Core systems
Engine, transmission & chassis
9.7
Excellent
Supporting systems
Fuel supply, ignition & other systems
9.4
Excellent
Interiors & AC
Seats, AC, audio & other features
8.7
Good
Exteriors & lights
Panels, glasses, lights & fixtures
8.9
Good
Wear & tear parts
Tyres, clutch, brakes & more
8.8
Good
View full report
No immediate servicing required
(Inquire at test drive for more details)"
2025 Hyundai Creta 1.5 MPi Petrol MT E,"₹ 9,02,400","Car Overview
Make Year
Mar 2025
Registration Year
Apr 2025
Fuel Type
Petrol (BSVI)
Km driven
11K km
Transmission
Manual (Regular)
No. of Owner
1st Owner
Insurance Validity
Mar 2027
Insurance Type
Comprehensive
RTO
TG10
Car Location
Uppal, Hyderabad","Quality report
1573 parts evaluated by 5 automotive experts
Meter not tampered
Non-flooded
Core structure intact
Core systems
Engine, transmission & chassis
9.9
Excellent
Supporting systems
Fuel supply, ignition & other systems
9.8
Excellent
Interiors & AC
Seats, AC, audio & other features
9.9
Excellent
Exteriors & lights
Panels, glasses, lights & fixtures
9.3
Excellent
Wear & tear parts
Tyres, clutch, brakes & more
9.5
Excellent
View full report
Next service due after 12 months or 10,000 km
(whichever comes first post delivery)"
2024 Hyundai Creta S Plus 1.5 Diesel Knight*,"₹ 11,67,164","Car Overview
*Note:   Make & registration years are different.
Make Year
Nov 2023
Registration Year
Jan 2024
Fuel Type
Diesel (BSVI)
Km driven
26K km
Transmission
Manual (Regular)
No. of Owner
1st Owner
Insurance Validity
Apr 2027
Insurance Type
Third Party
RTO
TS07
Car Location
Kukatpally, Hyderabad","Quality report
1576 parts evaluated by 5 automotive experts
Meter not tampered
Non-flooded
Core structure intact
Core systems
Engine, transmission & chassis
9.9
Excellent
Supporting systems
Fuel supply, ignition & other systems
9.8
Excellent
Interiors & AC
Seats, AC, audio & other features
9.3
Excellent
Exteriors & lights
Panels, glasses, lights & fixtures
9.4
Excellent
Wear & tear parts
Tyres, clutch, brakes & more
8.8
Good
View full report
Next service due after 12 months or 10,000 km
(whichever comes first post delivery)"
2022 Kia Sonet Anniversary Edition 1.5 AT*,"₹ 7,92,800","Car Overview
*Note:   Make & registration years are different.
Make Year
Dec 2021
Registration Year
Jan 2022
Fuel Type
Diesel (BSVI)
Km driven
46K km
Transmission
Automatic (Torque Convertor)
No. of Owner
1st Owner
Insurance Validity
Dec 2026
Insurance Type
Comprehensive
RTO
TS07
Car Location
Kukatpally, Hyderabad","Quality report
1432 parts evaluated by 5 automotive experts
Meter not tampered
Non-flooded
Core structure intact
Core systems
Engine, transmission & chassis
9.8
Excellent
Supporting systems
Fuel supply, ignition & other systems
8.6
Good
Interiors & AC
Seats, AC, audio & other features
9.1
Excellent
Exteriors & lights
Panels, glasses, lights & fixtures
7.6
Fair
Imperfections on body panels but no impact on build quality
Comes with ₹31,000 lower price tag because of it
Wear & tear parts
Tyres, clutch, brakes & more
8.1
Good
View full report
Next service due after 12 months or 10,000 km
(whichever comes first post delivery)"
2022 Maruti Suzuki Brezza Zxi Dual Tone,"₹ 7,27,200","Car Overview
Make Year
Sep 2022
Registration Year
Nov 2022
Fuel Type
Petrol (BSVI)
Km driven
40K km
Transmission
Manual (Regular)
No. of Owner
1st Owner
Insurance Validity
Apr 2027
Insurance Type
Third Party
RTO
TS08
Car Location
Uppal, Hyderabad","Quality report
1573 parts evaluated by 5 automotive experts
Meter not tampered
Non-flooded
Core structure intact
Core systems
Engine, transmission & chassis
9.8
Excellent
Supporting systems
Fuel supply, ignition & other systems
9.7
Excellent
Interiors & AC
Seats, AC, audio & other features
9.2
Excellent
Exteriors & lights
Panels, glasses, lights & fixtures
9.1
Excellent
Wear & tear parts
Tyres, clutch, brakes & more
8.6
Good
View full report
Next service due after 12 months or 10,000 km
(whichever comes first post delivery)"
2025 Tata Punch EV Empowered Plus S long Range*,"₹ 7,59,200","Car Overview
*Note:   Make & registration years are different.
Make Year
Dec 2024
Registration Year
Jan 2025
Fuel Type
Electric
Km driven
27K km
Transmission
Automatic
No. of Owner
1st Owner
Insurance Validity
Apr 2027
Insurance Type
Third Party
RTO
TG11
Car Location
Uppal, Hyderabad","Quality report
Car condition
Core structure intact
Non-tampered odometer
Non flooded
Battery condition
Drivetrain
Body structure
Mechanical
Interior
Fixes done
Repaired & repainted
8
Tyre life remaining
Front
L-65%
R-60%
Rear
L-60%
R-65%
Spare
55%
View full report"
2019 Ford EcoSport Titanium 1.5L TDCi,"₹ 4,21,600","Car Overview
Make Year
May 2019
Registration Year
Jun 2019
Fuel Type
Diesel (BSIV)
Km driven
105K km
Transmission
Manual (Regular)
No. of Owner
3rd Owner
Insurance Validity
Apr 2027
Insurance Type
Third Party
RTO
TS16
Car Location
Kukatpally, Hyderabad","Quality report
1576 parts evaluated by 5 automotive experts
Meter not tampered
Non-flooded
Core structure intact
Core systems
Engine, transmission & chassis
9.2
Excellent
Supporting systems
Fuel supply, ignition & other systems
8.8
Good
Interiors & AC
Seats, AC, audio & other features
8.6
Good
Exteriors & lights
Panels, glasses, lights & fixtures
8.3
Good
Wear & tear parts
Tyres, clutch, brakes & more
7.5
Fair
Few components have experienced wear and tear
Comes with ₹28,000 lower price tag because of it
View full report
Next service due after 12 months or 10,000 km
(whichever comes first post delivery)"
2021 Mahindra Thar LX Hard Top Diesel MT 4WD,"₹ 9,31,122","Car Overview
Make Year
Apr 2021
Registration Year
Jul 2021
Fuel Type
Diesel (BSIV)
Km driven
52K km
Transmission
Manual (Regular)
No. of Owner
1st Owner
Insurance Validity
Apr 2027
Insurance Type
Third Party
RTO
TS08
Car Location
Kukatpally, Hyderabad","Quality report
1576 parts evaluated by 5 automotive experts
Meter not tampered
Non-flooded
Core structure intact
Core systems
Engine, transmission & chassis
9.8
Excellent
Supporting systems
Fuel supply, ignition & other systems
9.7
Excellent
Interiors & AC
Seats, AC, audio & other features
9.1
Excellent
Exteriors & lights
Panels, glasses, lights & fixtures
8.8
Good
Wear & tear parts
Tyres, clutch, brakes & more
8.5
Good
View full report
Next service due after 12 months or 10,000 km
(whichever comes first post delivery)"
2023 Kia Sonet HTX 1.0 Turbo Petrol DCT,"₹ 8,00,800","Car Overview
Make Year
Sep 2023
Registration Year
Nov 2023
Fuel Type
Petrol (BSVI)
Km driven
15K km
Transmission
Automatic (DCT)
No. of Owner
2nd Owner
Insurance Validity
Oct 2026
Insurance Type
Comprehensive
RTO
TS03
Car Location
Kukatpally, Hyderabad","Quality report
1452 parts evaluated by 5 automotive experts
Meter not tampered
Non-flooded
Core structure intact
Core systems
Engine, transmission & chassis
9.9
Excellent
Supporting systems
Fuel supply, ignition & other systems
9.8
Excellent
Interiors & AC
Seats, AC, audio & other features
9.4
Excellent
Exteriors & lights
Panels, glasses, lights & fixtures
8.9
Good
Wear & tear parts
Tyres, clutch, brakes & more
8.7
Good
View full report
Next service due after 12 months or 10,000 km
(whichever comes first post delivery)"
2021 Hyundai Alcazar Signature (O) 6 STR 1.5 Diesel AT,"₹ 11,71,200","Car Overview
Make Year
Jul 2021
Registration Year
Dec 2021
Fuel Type
Diesel (BSVI)
Km driven
67K km
Transmission
Automatic (Torque Convertor)
No. of Owner
1st Owner
Insurance Validity
Aug 2026
Insurance Type
Comprehensive
RTO
TS09
Car Location
Kukatpally, Hyderabad","Quality report
1432 parts evaluated by 5 automotive experts
Meter not tampered
Non-flooded
Core structure intact
Core systems
Engine, transmission & chassis
9.6
Excellent
Supporting systems
Fuel supply, ignition & other systems
9.5
Excellent
Interiors & AC
Seats, AC, audio & other features
8.9
Good
Exteriors & lights
Panels, glasses, lights & fixtures
8.3
Good
Wear & tear parts
Tyres, clutch, brakes & more
8.1
Good
View full report
Next service due after 12 months or 10,000 km
(whichever comes first post delivery)"
2022 Kia Seltos HTX Plus 1.5 Diesel,"₹ 9,78,400","Car Overview
Make Year
Jan 2022
Registration Year
Feb 2022
Fuel Type
Diesel (BSVI)
Km driven
103K km
Transmission
Manual (Regular)
No. of Owner
1st Owner
Insurance Validity
Jan 2027
Insurance Type
Comprehensive
RTO
TS10
Car Location
Kukatpally, Hyderabad","Quality report
1576 parts evaluated by 5 automotive experts
Meter not tampered
Non-flooded
Core structure intact
Core systems
Engine, transmission & chassis
9.5
Excellent
Supporting systems
Fuel supply, ignition & other systems
9.2
Excellent
Interiors & AC
Seats, AC, audio & other features
8.2
Good
Exteriors & lights
Panels, glasses, lights & fixtures
8.1
Good
Wear & tear parts
Tyres, clutch, brakes & more
8.2
Good
View full report
No immediate servicing required
(Inquire at test drive for more details)"
2021 Tata Nexon XE,"₹ 4,38,400","Car Overview
Make Year
Jun 2021
Registration Year
Jul 2021
Fuel Type
Petrol
Km driven
58K km
Transmission
Manual (Regular)
No. of Owner
1st Owner
Insurance Validity
Apr 2027
Insurance Type
Third Party
RTO
TS15
Car Location
Uppal, Hyderabad","Quality report
1573 parts evaluated by 5 automotive experts
Meter not tampered
Core structure intact
Core systems
Engine, transmission & chassis
9.2
Excellent
Supporting systems
Fuel supply, ignition & other systems
9.1
Excellent
Interiors & AC
Seats, AC, audio & other features
8.3
Good
Exteriors & lights
Panels, glasses, lights & fixtures
8.1
Good
Wear & tear parts
Tyres, clutch, brakes & more
8.5
Good
View full report
Next service due after 12 months or 15,000 km
(whichever comes first post delivery)"
2022 Hyundai Venue SX 1.2 Petrol,"₹ 7,01,600","Car Overview
Make Year
Jun 2022
Registration Year
Aug 2022
Fuel Type
Petrol (BSVI)
Km driven
27K km
Transmission
Manual (Regular)
No. of Owner
1st Owner
Insurance Validity
Apr 2027
Insurance Type
Third Party
RTO
TS10
Car Location
Uppal, Hyderabad","Quality report
1573 parts evaluated by 5 automotive experts
Meter not tampered
Non-flooded
Core structure intact
Core systems
Engine, transmission & chassis
9.9
Excellent
Supporting systems
Fuel supply, ignition & other systems
9.8
Excellent
Interiors & AC
Seats, AC, audio & other features
9.1
Excellent
Exteriors & lights
Panels, glasses, lights & fixtures
9.0
Excellent
Wear & tear parts
Tyres, clutch, brakes & more
8.6
Good
View full report
Next service due after 12 months or 10,000 km
(whichever comes first post delivery)"
2024 Tata Nexon EV Empowered Plus Long Range,"Go electric and drive at just ₹1.07/km, saving up to 84% on fuel costs","Car Overview
Make Year
Jan 2024
Registration Year
Jun 2024
Fuel Type
Electric (BSVI)
Km driven
19K km
Transmission
Automatic
No. of Owner
1st Owner
Insurance Validity
Apr 2027
Insurance Type
Comprehensive
RTO
TG24
Car Location
Kukatpally, Hyderabad","Quality report
Car condition
Core structure intact
Non-tampered odometer
Non flooded
Battery condition
Drivetrain
Body structure
Mechanical
Minor scratches
Minor damage-le...
Fixes done
Repaired & repainted
7
Tyre life remaining
Front
L-55%
R-60%
Rear
L-70%
R-70%
Spare
80%
View full report"
2022 Mahindra XUV700 AX 7 Diesel MT Luxury Pack 7 STR,"₹ 14,91,122","Car Overview
Make Year
Feb 2022
Registration Year
Apr 2022
Fuel Type
Diesel (BSVI)
Km driven
72K km
Transmission
Manual (Regular)
No. of Owner
1st Owner
Insurance Validity
Apr 2027
Insurance Type
Third Party
RTO
TS09
Car Location
Kukatpally, Hyderabad","Quality report
1576 parts evaluated by 5 automotive experts
Meter not tampered
Non-flooded
Core structure intact
Core systems
Engine, transmission & chassis
9.7
Excellent
Supporting systems
Fuel supply, ignition & other systems
9.5
Excellent
Interiors & AC
Seats, AC, audio & other features
9.1
Excellent
Exteriors & lights
Panels, glasses, lights & fixtures
8.9
Good
Wear & tear parts
Tyres, clutch, brakes & more
8.7
Good
View full report
Next service due after 12 months or 10,000 km
(whichever comes first post delivery)"
2019 Hyundai Venue SX 1.4 (O) CRDi,"₹ 6,40,800","Car Overview
Make Year
May 2019
Registration Year
Jun 2019
Fuel Type
Diesel (BSIV)
Km driven
106K km
Transmission
Manual (Regular)
No. of Owner
1st Owner
Insurance Validity
Apr 2027
Insurance Type
Third Party
RTO
AP39
Car Location
Uppal, Hyderabad","Quality report
1576 parts evaluated by 5 automotive experts
Meter not tampered
Non-flooded
Core structure intact
Core systems
Engine, transmission & chassis
9.6
Excellent
Supporting systems
Fuel supply, ignition & other systems
9.3
Excellent
Interiors & AC
Seats, AC, audio & other features
8.3
Good
Exteriors & lights
Panels, glasses, lights & fixtures
8.1
Good
Wear & tear parts
Tyres, clutch, brakes & more
8.2
Good
View full report
No immediate servicing required
(Inquire at test drive for more details)"
2023 Tata Punch Creative AMT*,"₹ 5,45,600","Car Overview
*Note:   Make & registration years are different.
Make Year
Nov 2022
Registration Year
Feb 2023
Fuel Type
Petrol (BSVI)
Km driven
50K km
Transmission
Automatic (AMT)
No. of Owner
1st Owner
Insurance Validity
Jan 2027
Insurance Type
Comprehensive
RTO
TS08
Car Location
Uppal, Hyderabad","Quality report
1452 parts evaluated by 5 automotive experts
Meter not tampered
Non-flooded
Core systems
Engine, transmission & chassis
9.7
Excellent
Supporting systems
Fuel supply, ignition & other systems
9.6
Excellent
Interiors & AC
Seats, AC, audio & other features
9.1
Excellent
Exteriors & lights
Panels, glasses, lights & fixtures
9.0
Excellent
Wear & tear parts
Tyres, clutch, brakes & more
7.9
Fair
Few components have experienced wear and tear
Comes with ₹25,000 lower price tag because of it
View full report
Next service due after 12 months or 15,000 km
(whichever comes first post delivery)"
2021 Mahindra Thar LX Hard Top Diesel AT 4WD,"₹ 9,57,522","Car Overview
Make Year
Apr 2021
Registration Year
Sep 2021
Fuel Type
Diesel (BSVI)
Km driven
60K km
Transmission
Automatic (Torque Convertor)
No. of Owner
2nd Owner
Insurance Validity
Apr 2027
Insurance Type
Third Party
RTO
TS07
Car Location
Kukatpally, Hyderabad","Quality report
1432 parts evaluated by 5 automotive experts
Meter not tampered
Non-flooded
Core structure intact
Core systems
Engine, transmission & chassis
9.6
Excellent
Supporting systems
Fuel supply, ignition & other systems
9.6
Excellent
Interiors & AC
Seats, AC, audio & other features
9.0
Excellent
Exteriors & lights
Panels, glasses, lights & fixtures
8.4
Good
Wear & tear parts
Tyres, clutch, brakes & more
7.8
Fair
Few components have experienced wear and tear
Comes with ₹50,000 lower price tag because of it
View full report
Next service due after 12 months or 10,000 km
(whichever comes first post delivery)"
2018 Ford EcoSport Trend 1.5L TDCi,"₹ 5,30,400","Car Overview
Make Year
Oct 2018
Registration Year
Nov 2018
Fuel Type
Diesel
Km driven
53K km
Transmission
Manual (Regular)
No. of Owner
1st Owner
Insurance Validity
Jan 2027
Insurance Type
Comprehensive
RTO
TS08
Car Location
Uppal, Hyderabad","Quality report
1576 parts evaluated by 5 automotive experts
Meter not tampered
Non-flooded
Core structure intact
Core systems
Engine, transmission & chassis
9.8
Excellent
Supporting systems
Fuel supply, ignition & other systems
9.6
Excellent
Interiors & AC
Seats, AC, audio & other features
9.0
Excellent
Exteriors & lights
Panels, glasses, lights & fixtures
9.0
Excellent
Wear & tear parts
Tyres, clutch, brakes & more
8.6
Good
View full report
Next service due after 12 months or 10,000 km
(whichever comes first post delivery)"
2014 Ford EcoSport Trend 1.5 TDCi*,"₹ 2,51,200","Car Overview
*Note:   Make & registration years are different.
Make Year
Dec 2013
Registration Year
Jan 2014
Fuel Type
Diesel (BSIV)
Km driven
129K km
Transmission
Manual (Regular)
No. of Owner
3rd Owner
Insurance Validity
Apr 2027
Insurance Type
Third Party
RTO
AP29
Car Location
Kukatpally, Hyderabad","Quality report
1576 parts evaluated by 5 automotive experts
Meter not tampered
Non-flooded
Core structure intact
Core systems
Engine, transmission & chassis
9.5
Excellent
Supporting systems
Fuel supply, ignition & other systems
8.3
Good
Interiors & AC
Seats, AC, audio & other features
7.3
Fair
Few flaws in ac, cooling remains reliable
Comes with ₹8,000 lower price tag because of it
Exteriors & lights
Panels, glasses, lights & fixtures
7.2
Fair
Imperfections on body fixtures & trims but no impact on fit/finish
Comes with ₹11,000 lower price tag because of it
Wear & tear parts
Tyres, clutch, brakes & more
7.4
Fair
Few components have experienced wear and tear
Comes with ₹17,000 lower price tag because of it
View full report
Next service due after 12 months or 10,000 km
(whichever comes first post delivery)"
2020 Hyundai Venue SX Plus 1.0 Turbo DCT*,"₹ 5,98,400","Car Overview
*Note:   Make & registration years are different.
Make Year
Nov 2019
Registration Year
Jan 2020
Fuel Type
Petrol (BSIV)
Km driven
65K km
Transmission
Automatic (DCT)
No. of Owner
1st Owner
Insurance Validity
Dec 2026
Insurance Type
Comprehensive
RTO
AP39
Car Location
Kukatpally, Hyderabad","Quality report
1452 parts evaluated by 5 automotive experts
Meter not tampered
Non-flooded
Core structure intact
Core systems
Engine, transmission & chassis
9.7
Excellent
Supporting systems
Fuel supply, ignition & other systems
9.6
Excellent
Interiors & AC
Seats, AC, audio & other features
8.9
Good
Exteriors & lights
Panels, glasses, lights & fixtures
8.2
Good
Wear & tear parts
Tyres, clutch, brakes & more
7.8
Fair
Few components have experienced wear and tear
Comes with ₹30,000 lower price tag because of it
View full report
Next service due after 12 months or 10,000 km
(whichever comes first post delivery)"
2019 Tata Nexon XZ Plus Diesel Dual Tone,"₹ 5,90,400","Car Overview
Make Year
Jan 2019
Registration Year
Nov 2019
Fuel Type
Diesel (BSIV)
Km driven
59K km
Transmission
Manual (Regular)
No. of Owner
1st Owner
Insurance Validity
Apr 2027
Insurance Type
Third Party
RTO
TS07
Car Location
Uppal, Hyderabad","Quality report
1576 parts evaluated by 5 automotive experts
Meter not tampered
Non-flooded
Core structure intact
Core systems
Engine, transmission & chassis
9.7
Excellent
Supporting systems
Fuel supply, ignition & other systems
9.2
Excellent
Interiors & AC
Seats, AC, audio & other features
8.5
Good
Exteriors & lights
Panels, glasses, lights & fixtures
8.4
Good
Wear & tear parts
Tyres, clutch, brakes & more
8.3
Good
View full report
Next service due after 12 months or 15,000 km
(whichever comes first post delivery)"
2024 Hyundai Creta 1.5 MPi Petrol MT EX,"₹ 9,32,354","Car Overview
Make Year
Aug 2024
Registration Year
Dec 2024
Fuel Type
Petrol (BSVI)
Km driven
11K km
Transmission
Manual (Regular)
No. of Owner
1st Owner
Insurance Validity
Oct 2026
Insurance Type
Comprehensive
RTO
TG13
Car Location
Kukatpally, Hyderabad","Quality report
1573 parts evaluated by 5 automotive experts
Meter not tampered
Non-flooded
Core structure intact
Core systems
Engine, transmission & chassis
9.9
Excellent
Supporting systems
Fuel supply, ignition & other systems
9.9
Excellent
Interiors & AC
Seats, AC, audio & other features
9.5
Excellent
Exteriors & lights
Panels, glasses, lights & fixtures
9.0
Excellent
Wear & tear parts
Tyres, clutch, brakes & more
9.5
Excellent
View full report
Next service due after 12 months or 10,000 km
(whichever comes first post delivery)"
2021 Nissan Magnite XV Dual Tone,"₹ 4,48,800","Car Overview
Make Year
May 2021
Registration Year
Jul 2021
Fuel Type
Petrol (BSVI)
Km driven
28K km
Transmission
Manual (Regular)
No. of Owner
2nd Owner
Insurance Validity
Apr 2027
Insurance Type
Third Party
RTO
TS15
Car Location
Uppal, Hyderabad","Quality report
1573 parts evaluated by 5 automotive experts
Meter not tampered
Non-flooded
Core structure intact
Core systems
Engine, transmission & chassis
9.9
Excellent
Supporting systems
Fuel supply, ignition & other systems
9.8
Excellent
Interiors & AC
Seats, AC, audio & other features
9.4
Excellent
Exteriors & lights
Panels, glasses, lights & fixtures
8.7
Good
Wear & tear parts
Tyres, clutch, brakes & more
8.7
Good
View full report
Next service due after 12 months or 10,000 km
(whichever comes first post delivery)"
2022 Tata Nexon EV XZ Plus LUX*,"Go electric and drive at just ₹1.07/km, saving up to 84% on fuel costs","Car Overview
*Note:   Make & registration years are different.
Make Year
Oct 2021
Registration Year
Feb 2022
Fuel Type
Electric (BSIV)
Km driven
86K km
Transmission
Automatic
No. of Owner
1st Owner
Insurance Validity
Insurance Type
Third Party
RTO
TS08
Car Location
Kukatpally, Hyderabad","Quality report
Car condition
Core structure intact
Non-tampered odometer
Non flooded
Battery condition
Drivetrain
Body structure
Mechanical
Interior
Minor scratches
Minor dent
Fixes done
Repaired & repainted
7
Customised accessories
Front registration plate
Tyre life remaining
Front
L-60%
R-60%
Rear
L-55%
R-55%
Spare
80%
View full report"
2020 Kia Seltos GTX Plus AT 1.5 Diesel,"₹ 10,55,200","Car Overview
Make Year
Jan 2020
Registration Year
May 2020
Fuel Type
Diesel (BSVI)
Km driven
66K km
Transmission
Automatic (Torque Convertor)
No. of Owner
1st Owner
Insurance Validity
Feb 2027
Insurance Type
Comprehensive
RTO
TS08
Car Location
Kukatpally, Hyderabad","Quality report
1432 parts evaluated by 5 automotive experts
Meter not tampered
Non-flooded
Core structure intact
Core systems
Engine, transmission & chassis
9.6
Excellent
Supporting systems
Fuel supply, ignition & other systems
9.5
Excellent
Interiors & AC
Seats, AC, audio & other features
8.9
Good
Exteriors & lights
Panels, glasses, lights & fixtures
8.2
Good
Wear & tear parts
Tyres, clutch, brakes & more
8.3
Good
View full report
Next service due after 12 months or 10,000 km
(whichever comes first post delivery)"
2016 Ford EcoSport Trend 1.5 TDCi*,"₹ 3,53,600","Car Overview
*Note:   Make & registration years are different.
Make Year
Aug 2015
Registration Year
Feb 2016
Fuel Type
Diesel (BSIV)
Km driven
97K km
Transmission
Manual (Regular)
No. of Owner
2nd Owner
Insurance Validity
Dec 2026
Insurance Type
Third Party
RTO
TS07
Car Location
Kukatpally, Hyderabad","Quality report
1576 parts evaluated by 5 automotive experts
Meter not tampered
Non-flooded
Core structure intact
Core systems
Engine, transmission & chassis
9.6
Excellent
Supporting systems
Fuel supply, ignition & other systems
9.2
Excellent
Interiors & AC
Seats, AC, audio & other features
8.1
Good
Exteriors & lights
Panels, glasses, lights & fixtures
8.2
Good
Wear & tear parts
Tyres, clutch, brakes & more
8.2
Good
View full report
Next service due after 12 months or 10,000 km
(whichever comes first post delivery)"
2020 Kia Sonet GTX Plus 1.0 DCT,"₹ 7,49,600","Car Overview
Make Year
Nov 2020
Registration Year
Dec 2020
Fuel Type
Petrol (BSVI)
Km driven
38K km
Transmission
Automatic (DCT)
No. of Owner
1st Owner
Insurance Validity
Dec 2026
Insurance Type
Comprehensive
RTO
AP39
Car Location
Hafeezpet, Hyderabad","Quality report
1452 parts evaluated by 5 automotive experts
Meter not tampered
Non-flooded
Core structure intact
Core systems
Engine, transmission & chassis
9.8
Excellent
Supporting systems
Fuel supply, ignition & other systems
9.7
Excellent
Interiors & AC
Seats, AC, audio & other features
9.0
Excellent
Exteriors & lights
Panels, glasses, lights & fixtures
8.5
Good
Wear & tear parts
Tyres, clutch, brakes & more
8.5
Good
View full report
Next service due after 12 months or 10,000 km
(whichever comes first post delivery)"
2019 Ford EcoSport Titanium + 1.5L TDCi,"₹ 5,60,000","Car Overview
Make Year
Jul 2019
Registration Year
Nov 2019
Fuel Type
Diesel (BSIV)
Km driven
106K km
Transmission
Manual (Regular)
No. of Owner
1st Owner
Insurance Validity
Oct 2026
Insurance Type
Comprehensive
RTO
TS08
Car Location
Uppal, Hyderabad","Quality report
1576 parts evaluated by 5 automotive experts
Meter not tampered
Non-flooded
Core structure intact
Core systems
Engine, transmission & chassis
9.6
Excellent
Supporting systems
Fuel supply, ignition & other systems
9.3
Excellent
Interiors & AC
Seats, AC, audio & other features
8.4
Good
Exteriors & lights
Panels, glasses, lights & fixtures
8.2
Good
Wear & tear parts
Tyres, clutch, brakes & more
8.0
Good
View full report
Next service due after 12 months or 10,000 km
(whichever comes first post delivery)"
2021 Kia Seltos GTX Plus DCT 1.4,"₹ 9,83,199","Car Overview
Make Year
Apr 2021
Registration Year
Jun 2021
Fuel Type
Petrol
Km driven
62K km
Transmission
Automatic (DCT)
No. of Owner
1st Owner
Insurance Validity
Apr 2027
Insurance Type
Third Party
RTO
TS07
Car Location
Kukatpally, Hyderabad","Quality report
1452 parts evaluated by 5 automotive experts
Meter not tampered
Non-flooded
Core structure intact
Core systems
Engine, transmission & chassis
9.8
Excellent
Supporting systems
Fuel supply, ignition & other systems
9.4
Excellent
Interiors & AC
Seats, AC, audio & other features
9.1
Excellent
Exteriors & lights
Panels, glasses, lights & fixtures
8.2
Good
Wear & tear parts
Tyres, clutch, brakes & more
7.6
Fair
Few components have experienced wear and tear
Comes with ₹52,000 lower price tag because of it
View full report
Next service due after 12 months or 10,000 km
(whichever comes first post delivery)"
2021 MG Motors Hector Plus Sharp 1.5 DCT Petrol,"₹ 10,30,122","Car Overview
Make Year
Aug 2021
Registration Year
Oct 2021
Fuel Type
Petrol (BSVI)
Km driven
48K km
Transmission
Automatic (DCT)
No. of Owner
2nd Owner
Insurance Validity
Oct 2026
Insurance Type
Comprehensive
RTO
AP39
Car Location
Kukatpally, Hyderabad","Quality report
1452 parts evaluated by 5 automotive experts
Meter not tampered
Non-flooded
Core systems
Engine, transmission & chassis
9.8
Excellent
Supporting systems
Fuel supply, ignition & other systems
9.7
Excellent
Interiors & AC
Seats, AC, audio & other features
9.3
Excellent
Exteriors & lights
Panels, glasses, lights & fixtures
8.9
Good
Wear & tear parts
Tyres, clutch, brakes & more
8.3
Good
View full report
Next service due after 12 months or 10,000 km
(whichever comes first post delivery)"
2020 Kia Seltos GTX Plus 1.4,"₹ 7,79,200","Car Overview
Make Year
Aug 2020
Registration Year
Nov 2020
Fuel Type
Petrol (BSVI)
Km driven
97K km
Transmission
Manual (Regular)
No. of Owner
2nd Owner
Insurance Validity
Oct 2026
Insurance Type
Third Party
RTO
TS10
Car Location
Hafeezpet, Hyderabad","Quality report
1573 parts evaluated by 5 automotive experts
Meter not tampered
Non-flooded
Core structure intact
Core systems
Engine, transmission & chassis
9.6
Excellent
Supporting systems
Fuel supply, ignition & other systems
9.1
Excellent
Interiors & AC
Seats, AC, audio & other features
8.4
Good
Exteriors & lights
Panels, glasses, lights & fixtures
7.9
Fair
Imperfections on body panels but no impact on build quality
Comes with ₹23,000 lower price tag because of it
Wear & tear parts
Tyres, clutch, brakes & more
8.4
Good
View full report
No immediate servicing required
(Inquire at test drive for more details)"
2019 Ford EcoSport Thunder Edition Petrol,"₹ 5,55,200","Car Overview
Make Year
Sep 2019
Registration Year
Nov 2019
Fuel Type
Petrol (BSIV)
Km driven
58K km
Transmission
Manual (Regular)
No. of Owner
2nd Owner
Insurance Validity
Nov 2026
Insurance Type
Comprehensive
RTO
TS07
Car Location
Uppal, Hyderabad","Quality report
1573 parts evaluated by 5 automotive experts
Meter not tampered
Non-flooded
Core structure intact
Core systems
Engine, transmission & chassis
9.8
Excellent
Supporting systems
Fuel supply, ignition & other systems
9.6
Excellent
Interiors & AC
Seats, AC, audio & other features
8.8
Good
Exteriors & lights
Panels, glasses, lights & fixtures
8.2
Good
Wear & tear parts
Tyres, clutch, brakes & more
8.2
Good
View full report
Next service due after 12 months or 10,000 km
(whichever comes first post delivery)"
2024 Volkswagen Taigun Topline 1.0 TSI MT*,"₹ 9,12,000","Car Overview
*Note:   Make & registration years are different.
Make Year
Jul 2023
Registration Year
Jan 2024
Fuel Type
Petrol (BSVI)
Km driven
50K km
Transmission
Manual (Regular)
No. of Owner
2nd Owner
Insurance Validity
Aug 2026
Insurance Type
Comprehensive
RTO
TS16
Car Location
Kukatpally, Hyderabad","Quality report
1573 parts evaluated by 5 automotive experts
Meter not tampered
Non-flooded
Core structure intact
Core systems
Engine, transmission & chassis
9.8
Excellent
Supporting systems
Fuel supply, ignition & other systems
9.7
Excellent
Interiors & AC
Seats, AC, audio & other features
9.4
Excellent
Exteriors & lights
Panels, glasses, lights & fixtures
8.9
Good
Wear & tear parts
Tyres, clutch, brakes & more
8.3
Good
View full report
No immediate servicing required
(Inquire at test drive for more details)"
2016 Ford EcoSport Trend+ 1.0L EcoBoost,"₹ 4,47,200","Car Overview
Make Year
Jan 2016
Registration Year
Feb 2016
Fuel Type
Petrol (BSIV)
Km driven
37K km
Transmission
Manual (Regular)
No. of Owner
1st Owner
Insurance Validity
Feb 2027
Insurance Type
Comprehensive
RTO
TS07
Car Location
Uppal, Hyderabad","Quality report
1573 parts evaluated by 5 automotive experts
Meter not tampered
Non-flooded
Core structure intact
Core systems
Engine, transmission & chassis
9.8
Excellent
Supporting systems
Fuel supply, ignition & other systems
9.7
Excellent
Interiors & AC
Seats, AC, audio & other features
9.2
Excellent
Exteriors & lights
Panels, glasses, lights & fixtures
8.7
Good
Wear & tear parts
Tyres, clutch, brakes & more
8.8
Good
View full report
Next service due after 12 months or 10,000 km
(whichever comes first post delivery)"
2023 Tata Safari XZA Plus (O) 6 S Red Dark Edition,"₹ 15,49,666","Car Overview
Make Year
Feb 2023
Registration Year
Apr 2023
Fuel Type
Diesel (BSVI)
Km driven
19K km
Transmission
Automatic (Torque Convertor)
No. of Owner
1st Owner
Insurance Validity
Apr 2027
Insurance Type
Comprehensive
RTO
TS08
Car Location
Kukatpally, Hyderabad","Quality report
1432 parts evaluated by 5 automotive experts
Meter not tampered
Non-flooded
Core structure intact
Core systems
Engine, transmission & chassis
9.5
Excellent
Supporting systems
Fuel supply, ignition & other systems
8.3
Good
Interiors & AC
Seats, AC, audio & other features
9.2
Excellent
Exteriors & lights
Panels, glasses, lights & fixtures
9.6
Excellent
Wear & tear parts
Tyres, clutch, brakes & more
8.9
Good
View full report
Next service due after 12 months or 15,000 km
(whichever comes first post delivery)"
2022 Maruti Suzuki S-Cross Alpha,"₹ 7,55,200","Car Overview
Make Year
Apr 2022
Registration Year
Aug 2022
Fuel Type
Petrol (BSVI)
Km driven
24K km
Transmission
Manual (Regular)
No. of Owner
1st Owner
Insurance Validity
Apr 2027
Insurance Type
Third Party
RTO
AP39
Car Location
Uppal, Hyderabad","Quality report
1573 parts evaluated by 5 automotive experts
Meter not tampered
Non-flooded
Core structure intact
Core systems
Engine, transmission & chassis
9.9
Excellent
Supporting systems
Fuel supply, ignition & other systems
9.8
Excellent
Interiors & AC
Seats, AC, audio & other features
9.3
Excellent
Exteriors & lights
Panels, glasses, lights & fixtures
9.1
Excellent
Wear & tear parts
Tyres, clutch, brakes & more
8.8
Good
View full report
Next service due after 12 months or 10,000 km
(whichever comes first post delivery)"
2024 Hyundai Exter SX (O) Connect 1.2 AMT,"₹ 7,01,600","Car Overview
Make Year
Mar 2024
Registration Year
Mar 2024
Fuel Type
Petrol
Km driven
20K km
Transmission
Automatic (AMT)
No. of Owner
1st Owner
Insurance Validity
Mar 2027
Insurance Type
Comprehensive
RTO
TG08
Car Location
Hafeezpet, Hyderabad","Quality report
1452 parts evaluated by 5 automotive experts
Meter not tampered
Non-flooded
Core structure intact
Core systems
Engine, transmission & chassis
9.9
Excellent
Supporting systems
Fuel supply, ignition & other systems
9.9
Excellent
Interiors & AC
Seats, AC, audio & other features
9.6
Excellent
Exteriors & lights
Panels, glasses, lights & fixtures
9.4
Excellent
Wear & tear parts
Tyres, clutch, brakes & more
8.8
Good
View full report
Next service due after 12 months or 10,000 km
(whichever comes first post delivery)"
2020 MG Motors Hector Sharp 2.0 Diesel*,"₹ 9,01,600","Car Overview
*Note:   Make & registration years are different.
Make Year
Nov 2019
Registration Year
Mar 2020
Fuel Type
Diesel (BSIV)
Km driven
75K km
Transmission
Manual (Regular)
No. of Owner
1st Owner
Insurance Validity
Apr 2027
Insurance Type
Third Party
RTO
TS12
Car Location
Kukatpally, Hyderabad","Quality report
1576 parts evaluated by 5 automotive experts
Meter not tampered
Non-flooded
Core structure intact
Core systems
Engine, transmission & chassis
9.5
Excellent
Supporting systems
Fuel supply, ignition & other systems
9.3
Excellent
Interiors & AC
Seats, AC, audio & other features
8.6
Good
Exteriors & lights
Panels, glasses, lights & fixtures
8.2
Good
Wear & tear parts
Tyres, clutch, brakes & more
7.6
Fair
Few components have experienced wear and tear
Comes with ₹58,000 lower price tag because of it
View full report
No immediate servicing required
(Inquire at test drive for more details)"
2020 Maruti Suzuki Vitara Brezza ZXi Plus,"₹ 5,51,200","Car Overview
Make Year
Jun 2020
Registration Year
Aug 2020
Fuel Type
Petrol (BSVI)
Km driven
67K km
Transmission
Manual (Regular)
No. of Owner
2nd Owner
Insurance Validity
Apr 2027
Insurance Type
Third Party
RTO
AP39
Car Location
Uppal, Hyderabad","Quality report
1573 parts evaluated by 5 automotive experts
Meter not tampered
Non-flooded
Core structure intact
Core systems
Engine, transmission & chassis
9.8
Excellent
Supporting systems
Fuel supply, ignition & other systems
9.6
Excellent
Interiors & AC
Seats, AC, audio & other features
9.0
Excellent
Exteriors & lights
Panels, glasses, lights & fixtures
8.3
Good
Wear & tear parts
Tyres, clutch, brakes & more
8.2
Good
View full report
Next service due after 12 months or 10,000 km
(whichever comes first post delivery)"
2019 Ford Freestyle Titanium Plus 1.2 Ti-VCT*,"₹ 3,66,400","Car Overview
*Note:   Make & registration years are different.
Make Year
Sep 2018
Registration Year
Jan 2019
Fuel Type
Petrol (BSIV)
Km driven
86K km
Transmission
Manual (Regular)
No. of Owner
1st Owner
Insurance Validity
Dec 2026
Insurance Type
Comprehensive
RTO
TS08
Car Location
Uppal, Hyderabad","Quality report
1573 parts evaluated by 5 automotive experts
Meter not tampered
Non-flooded
Core structure intact
Core systems
Engine, transmission & chassis
9.4
Excellent
Supporting systems
Fuel supply, ignition & other systems
9.3
Excellent
Interiors & AC
Seats, AC, audio & other features
8.3
Good
Exteriors & lights
Panels, glasses, lights & fixtures
8.4
Good
Wear & tear parts
Tyres, clutch, brakes & more
8.3
Good
View full report
Next service due after 12 months or 10,000 km
(whichever comes first post delivery)"
2018 Ford EcoSport Titanium + 1.5L Ti-VCT AT,"₹ 5,32,800","Car Overview
Make Year
Jun 2018
Registration Year
Oct 2018
Fuel Type
Petrol (BSIV)
Km driven
68K km
Transmission
Automatic (Torque Convertor)
No. of Owner
2nd Owner
Insurance Validity
Apr 2027
Insurance Type
Third Party
RTO
TS07
Car Location
Hafeezpet, Hyderabad","Quality report
1452 parts evaluated by 5 automotive experts
Meter not tampered
Non-flooded
Core structure intact
Core systems
Engine, transmission & chassis
9.7
Excellent
Supporting systems
Fuel supply, ignition & other systems
9.4
Excellent
Interiors & AC
Seats, AC, audio & other features
8.6
Good
Exteriors & lights
Panels, glasses, lights & fixtures
8.2
Good
Wear & tear parts
Tyres, clutch, brakes & more
7.9
Fair
Few components have experienced wear and tear
Comes with ₹24,000 lower price tag because of it
View full report
Next service due after 12 months or 10,000 km
(whichever comes first post delivery)"
2018 Hyundai Creta SX 1.6 CRDi Dual Tone,"₹ 6,98,400","Car Overview
Make Year
Jun 2018
Registration Year
Aug 2018
Fuel Type
Diesel (BSIV)
Km driven
113K km
Transmission
Manual (Regular)
No. of Owner
1st Owner
Insurance Validity
Apr 2027
Insurance Type
Third Party
RTO
TS11
Car Location
Uppal, Hyderabad","Quality report
1576 parts evaluated by 5 automotive experts
Meter not tampered
Non-flooded
Core structure intact
Core systems
Engine, transmission & chassis
9.4
Excellent
Supporting systems
Fuel supply, ignition & other systems
8.6
Good
Interiors & AC
Seats, AC, audio & other features
8.1
Good
Exteriors & lights
Panels, glasses, lights & fixtures
7.8
Fair
Imperfections on glasses & mirrors but no impact on visibility
Comes with ₹17,000 lower price tag because of it
Wear & tear parts
Tyres, clutch, brakes & more
8.6
Good
View full report
Next service due after 12 months or 10,000 km
(whichever comes first post delivery)"
2022 Mahindra Thar LX Hard Top Diesel AT 4WD,"₹ 10,35,922","Car Overview
Make Year
Jul 2022
Registration Year
Oct 2022
Fuel Type
Diesel (BSVI)
Km driven
70K km
Transmission
Automatic (Torque Convertor)
No. of Owner
1st Owner
Insurance Validity
Apr 2027
Insurance Type
Third Party
RTO
TS08
Car Location
Kukatpally, Hyderabad","Quality report
1432 parts evaluated by 5 automotive experts
Meter not tampered
Non-flooded
Core structure intact
Core systems
Engine, transmission & chassis
9.7
Excellent
Supporting systems
Fuel supply, ignition & other systems
9.5
Excellent
Interiors & AC
Seats, AC, audio & other features
9.2
Excellent
Exteriors & lights
Panels, glasses, lights & fixtures
9.2
Excellent
Wear & tear parts
Tyres, clutch, brakes & more
7.8
Fair
Few components have experienced wear and tear
Comes with ₹52,000 lower price tag because of it
View full report
Next service due after 12 months or 10,000 km
(whichever comes first post delivery)"
2019 Kia Seltos GTX Plus 1.4,"₹ 8,64,800","Car Overview
Make Year
Sep 2019
Registration Year
Nov 2019
Fuel Type
Petrol (BSIV)
Km driven
40K km
Transmission
Manual (Regular)
No. of Owner
2nd Owner
Insurance Validity
Apr 2027
Insurance Type
Third Party
RTO
TS10
Car Location
Uppal, Hyderabad","Quality report
1573 parts evaluated by 5 automotive experts
Meter not tampered
Non-flooded
Core structure intact
Core systems
Engine, transmission & chassis
9.8
Excellent
Supporting systems
Fuel supply, ignition & other systems
9.7
Excellent
Interiors & AC
Seats, AC, audio & other features
8.9
Good
Exteriors & lights
Panels, glasses, lights & fixtures
8.6
Good
Wear & tear parts
Tyres, clutch, brakes & more
8.1
Good
View full report
No immediate servicing required
(Inquire at test drive for more details)"
2020 MG Motors Hector Sharp 1.5 DCT Petrol,"₹ 9,51,200","Car Overview
Make Year
Mar 2020
Registration Year
Oct 2020
Fuel Type
Petrol (BSVI)
Km driven
41K km
Transmission
Automatic (DCT)
No. of Owner
1st Owner
Insurance Validity
Apr 2027
Insurance Type
Third Party
RTO
TS09
Car Location
Kukatpally, Hyderabad","Quality report
1452 parts evaluated by 5 automotive experts
Meter not tampered
Non-flooded
Core structure intact
Core systems
Engine, transmission & chassis
9.8
Excellent
Supporting systems
Fuel supply, ignition & other systems
9.7
Excellent
Interiors & AC
Seats, AC, audio & other features
9.0
Excellent
Exteriors & lights
Panels, glasses, lights & fixtures
9.0
Excellent
Wear & tear parts
Tyres, clutch, brakes & more
8.2
Good
View full report
Next service due after 12 months or 10,000 km
(whichever comes first post delivery)"
2022 Volkswagen Taigun Topline 1.0 TSI MT,"₹ 9,23,200","Car Overview
Make Year
Feb 2022
Registration Year
Jun 2022
Fuel Type
Petrol (BSVI)
Km driven
34K km
Transmission
Manual (Regular)
No. of Owner
1st Owner
Insurance Validity
Apr 2027
Insurance Type
Third Party
RTO
TS11
Car Location
Kukatpally, Hyderabad","Quality report
1573 parts evaluated by 5 automotive experts
Meter not tampered
Non-flooded
Core structure intact
Core systems
Engine, transmission & chassis
9.9
Excellent
Supporting systems
Fuel supply, ignition & other systems
9.8
Excellent
Interiors & AC
Seats, AC, audio & other features
9.4
Excellent
Exteriors & lights
Panels, glasses, lights & fixtures
9.3
Excellent
Wear & tear parts
Tyres, clutch, brakes & more
8.8
Good
View full report
Next service due after 12 months or 15,000 km
(whichever comes first post delivery)"
2023 Tata Nexon XZA Plus LUXS Dark Edition,"₹ 8,67,964","Car Overview
Make Year
Jan 2023
Registration Year
Nov 2023
Fuel Type
Petrol
Km driven
24K km
Transmission
Automatic (AMT)
No. of Owner
1st Owner
Insurance Validity
Apr 2027
Insurance Type
Third Party
RTO
TS15
Car Location
Hafeezpet, Hyderabad","Quality report
1452 parts evaluated by 5 automotive experts
Meter not tampered
Non-flooded
Core structure intact
Core systems
Engine, transmission & chassis
9.9
Excellent
Supporting systems
Fuel supply, ignition & other systems
9.8
Excellent
Interiors & AC
Seats, AC, audio & other features
9.6
Excellent
Exteriors & lights
Panels, glasses, lights & fixtures
8.7
Good
Wear & tear parts
Tyres, clutch, brakes & more
8.8
Good
View full report
Next service due after 12 months or 15,000 km
(whichever comes first post delivery)"
2018 Hyundai Creta E Plus 1.4 CRDI,"₹ 5,80,000","Car Overview
Make Year
Jan 2018
Registration Year
Feb 2018
Fuel Type
Diesel (BSIV)
Km driven
118K km
Transmission
Manual (Regular)
No. of Owner
1st Owner
Insurance Validity
Apr 2027
Insurance Type
Third Party
RTO
TS09
Car Location
Uppal, Hyderabad","Quality report
1576 parts evaluated by 5 automotive experts
Meter not tampered
Non-flooded
Core structure intact
Core systems
Engine, transmission & chassis
9.5
Excellent
Supporting systems
Fuel supply, ignition & other systems
9.2
Excellent
Interiors & AC
Seats, AC, audio & other features
8.2
Good
Exteriors & lights
Panels, glasses, lights & fixtures
7.3
Fair
Imperfections on body fixtures & trims but no impact on fit/finish
Comes with ₹18,000 lower price tag because of it
Wear & tear parts
Tyres, clutch, brakes & more
8.4
Good
View full report
Next service due after 12 months or 10,000 km
(whichever comes first post delivery)"
2018 Tata Nexon XM Diesel,"₹ 4,52,800","Car Overview
Make Year
Feb 2018
Registration Year
Apr 2018
Fuel Type
Diesel (BSIV)
Km driven
96K km
Transmission
Manual (Regular)
No. of Owner
1st Owner
Insurance Validity
Apr 2027
Insurance Type
Third Party
RTO
AP31
Car Location
Uppal, Hyderabad","Quality report
1576 parts evaluated by 5 automotive experts
Meter not tampered
Non-flooded
Core structure intact
Core systems
Engine, transmission & chassis
9.2
Excellent
Supporting systems
Fuel supply, ignition & other systems
8.8
Good
Interiors & AC
Seats, AC, audio & other features
7.4
Fair
Few flaws in features & accessories, feature functionality remains reliable
Comes with ₹14,000 lower price tag because of it
Exteriors & lights
Panels, glasses, lights & fixtures
7.9
Fair
Imperfections on glasses & mirrors but no impact on visibility
Comes with ₹11,000 lower price tag because of it
Wear & tear parts
Tyres, clutch, brakes & more
7.9
Fair
Few components have experienced wear and tear
Comes with ₹25,000 lower price tag because of it
View full report
No immediate servicing required
(Inquire at test drive for more details)"
2021 MG Motors Hector Sharp 1.5 Petrol CVT,Priced ~₹12 lakhs lower compared to it's original new car on-road price,"Car Overview
Make Year
Feb 2021
Registration Year
Jun 2021
Fuel Type
Petrol (BSVI)
Km driven
69K km
Transmission
Automatic (CVT)
No. of Owner
1st Owner
Insurance Validity
Feb 2027
Insurance Type
Comprehensive
RTO
TS07
Car Location
Kukatpally, Hyderabad","Quality report
1452 parts evaluated by 5 automotive experts
Meter not tampered
Non-flooded
Core structure intact
Core systems
Engine, transmission & chassis
9.5
Excellent
Supporting systems
Fuel supply, ignition & other systems
9.5
Excellent
Interiors & AC
Seats, AC, audio & other features
9.1
Excellent
Exteriors & lights
Panels, glasses, lights & fixtures
8.8
Good
Wear & tear parts
Tyres, clutch, brakes & more
8.5
Good
View full report
Next service due after 12 months or 10,000 km
(whichever comes first post delivery)"
2021 Hyundai Venue SX (O) 1.5 CRDi Executive,"₹ 7,75,200","Car Overview
Make Year
Oct 2021
Registration Year
Dec 2021
Fuel Type
Diesel (BSVI)
Km driven
43K km
Transmission
Manual (Regular)
No. of Owner
1st Owner
Insurance Validity
Oct 2026
Insurance Type
Comprehensive
RTO
TS08
Car Location
Hafeezpet, Hyderabad","Quality report
1576 parts evaluated by 5 automotive experts
Meter not tampered
Non-flooded
Core structure intact
Core systems
Engine, transmission & chassis
9.8
Excellent
Supporting systems
Fuel supply, ignition & other systems
9.7
Excellent
Interiors & AC
Seats, AC, audio & other features
8.3
Good
Exteriors & lights
Panels, glasses, lights & fixtures
8.4
Good
Wear & tear parts
Tyres, clutch, brakes & more
8.1
Good
View full report
Next service due after 12 months or 10,000 km
(whichever comes first post delivery)"
2023 Tata Punch Creative AMT,"₹ 6,42,400","Car Overview
Make Year
Jun 2023
Registration Year
Aug 2023
Fuel Type
Petrol (BSVI)
Km driven
21K km
Transmission
Automatic (AMT)
No. of Owner
1st Owner
Insurance Validity
Apr 2027
Insurance Type
Third Party
RTO
TS08
Car Location
Hafeezpet, Hyderabad","Quality report
1452 parts evaluated by 5 automotive experts
Meter not tampered
Non-flooded
Core structure intact
Core systems
Engine, transmission & chassis
9.9
Excellent
Supporting systems
Fuel supply, ignition & other systems
9.8
Excellent
Interiors & AC
Seats, AC, audio & other features
9.7
Excellent
Exteriors & lights
Panels, glasses, lights & fixtures
9.3
Excellent
Wear & tear parts
Tyres, clutch, brakes & more
8.7
Good
View full report
Next service due after 12 months or 15,000 km
(whichever comes first post delivery)"
2024 Mahindra XUV700 AX5 Diesel MT 7 STR,"₹ 14,50,322","Car Overview
Make Year
Jun 2024
Registration Year
Oct 2024
Fuel Type
Diesel
Km driven
49K km
Transmission
Manual (Regular)
No. of Owner
1st Owner
Insurance Validity
Apr 2027
Insurance Type
Third Party
RTO
TG30
Car Location
Kukatpally, Hyderabad","Quality report
1576 parts evaluated by 5 automotive experts
Meter not tampered
Non-flooded
Core structure intact
Core systems
Engine, transmission & chassis
9.8
Excellent
Supporting systems
Fuel supply, ignition & other systems
9.7
Excellent
Interiors & AC
Seats, AC, audio & other features
9.5
Excellent
Exteriors & lights
Panels, glasses, lights & fixtures
8.8
Good
Wear & tear parts
Tyres, clutch, brakes & more
8.5
Good
View full report
Next service due after 12 months or 10,000 km
(whichever comes first post delivery)"
2021 Tata Harrier XMA*,"₹ 9,60,000","Car Overview
*Note:   Make & registration years are different.
Make Year
Feb 2020
Registration Year
Feb 2021
Fuel Type
Diesel (BSVI)
Km driven
39K km
Transmission
Automatic (Torque Convertor)
No. of Owner
1st Owner
Insurance Validity
Dec 2026
Insurance Type
Comprehensive
RTO
TS07
Car Location
Kukatpally, Hyderabad","Quality report
1432 parts evaluated by 5 automotive experts
Meter not tampered
Non-flooded
Core structure intact
Core systems
Engine, transmission & chassis
9.8
Excellent
Supporting systems
Fuel supply, ignition & other systems
9.7
Excellent
Interiors & AC
Seats, AC, audio & other features
9.1
Excellent
Exteriors & lights
Panels, glasses, lights & fixtures
8.2
Good
Wear & tear parts
Tyres, clutch, brakes & more
8.7
Good
View full report
Next service due after 12 months or 15,000 km
(whichever comes first post delivery)"
2022 Skoda Kushaq Style 1.5L TSI MT*,"₹ 8,51,200","Car Overview
*Note:   Make & registration years are different.
Make Year
Sep 2021
Registration Year
Nov 2022
Fuel Type
Petrol (BSVI)
Km driven
51K km
Transmission
Manual (Regular)
No. of Owner
2nd Owner
Insurance Validity
Apr 2027
Insurance Type
Third Party
RTO
TS09
Car Location
Kukatpally, Hyderabad","Quality report
1573 parts evaluated by 5 automotive experts
Meter not tampered
Non-flooded
Core structure intact
Core systems
Engine, transmission & chassis
9.8
Excellent
Supporting systems
Fuel supply, ignition & other systems
9.7
Excellent
Interiors & AC
Seats, AC, audio & other features
8.2
Good
Exteriors & lights
Panels, glasses, lights & fixtures
8.7
Good
Wear & tear parts
Tyres, clutch, brakes & more
8.7
Good
View full report
No immediate servicing required
(Inquire at test drive for more details)"
2017 Hyundai Creta 1.6 SX Plus AT Petrol,"₹ 6,27,200","Car Overview
Make Year
Aug 2017
Registration Year
Nov 2017
Fuel Type
Petrol (BSIV)
Km driven
84K km
Transmission
Automatic (Torque Convertor)
No. of Owner
2nd Owner
Insurance Validity
Apr 2027
Insurance Type
Third Party
RTO
TS09
Car Location
Uppal, Hyderabad","Quality report
1452 parts evaluated by 5 automotive experts
Meter not tampered
Non-flooded
Core structure intact
Core systems
Engine, transmission & chassis
9.6
Excellent
Supporting systems
Fuel supply, ignition & other systems
9.3
Excellent
Interiors & AC
Seats, AC, audio & other features
8.2
Good
Exteriors & lights
Panels, glasses, lights & fixtures
8.2
Good
Wear & tear parts
Tyres, clutch, brakes & more
8.3
Good
View full report
Next service due after 12 months or 10,000 km
(whichever comes first post delivery)"
2018 Ford EcoSport Titanium + 1.5L Ti-VCT AT,"₹ 5,65,600","Car Overview
Make Year
Jan 2018
Registration Year
Mar 2018
Fuel Type
Petrol (BSIV)
Km driven
68K km
Transmission
Automatic (Torque Convertor)
No. of Owner
1st Owner
Insurance Validity
Nov 2026
Insurance Type
Third Party
RTO
AP27
Car Location
Uppal, Hyderabad","Quality report
1452 parts evaluated by 5 automotive experts
Meter not tampered
Non-flooded
Core structure intact
Core systems
Engine, transmission & chassis
9.8
Excellent
Supporting systems
Fuel supply, ignition & other systems
9.6
Excellent
Interiors & AC
Seats, AC, audio & other features
9.0
Excellent
Exteriors & lights
Panels, glasses, lights & fixtures
8.5
Good
Wear & tear parts
Tyres, clutch, brakes & more
8.2
Good
View full report
Next service due after 12 months or 10,000 km
(whichever comes first post delivery)"
2024 Nissan Magnite XV,"₹ 5,41,600","Car Overview
Make Year
Apr 2024
Registration Year
May 2024
Fuel Type
Petrol (BSVI)
Km driven
25K km
Transmission
Manual (Regular)
No. of Owner
1st Owner
Insurance Validity
Sep 2026
Insurance Type
Comprehensive
RTO
AP40
Car Location
Uppal, Hyderabad","Quality report
1573 parts evaluated by 5 automotive experts
Meter not tampered
Non-flooded
Core structure intact
Core systems
Engine, transmission & chassis
9.9
Excellent
Supporting systems
Fuel supply, ignition & other systems
9.8
Excellent
Interiors & AC
Seats, AC, audio & other features
9.7
Excellent
Exteriors & lights
Panels, glasses, lights & fixtures
9.5
Excellent
Wear & tear parts
Tyres, clutch, brakes & more
9.0
Excellent
View full report
Next service due after 12 months or 10,000 km
(whichever comes first post delivery)"
2023 Hyundai Venue SX 1.2 Petrol,"₹ 7,20,000","Car Overview
Make Year
Jun 2023
Registration Year
Aug 2023
Fuel Type
Petrol
Km driven
36K km
Transmission
Manual (Regular)
No. of Owner
1st Owner
Insurance Validity
Apr 2027
Insurance Type
Third Party
RTO
TS01
Car Location
Uppal, Hyderabad","Quality report
1573 parts evaluated by 5 automotive experts
Meter not tampered
Non-flooded
Core structure intact
Core systems
Engine, transmission & chassis
9.9
Excellent
Supporting systems
Fuel supply, ignition & other systems
9.8
Excellent
Interiors & AC
Seats, AC, audio & other features
8.9
Good
Exteriors & lights
Panels, glasses, lights & fixtures
8.7
Good
Wear & tear parts
Tyres, clutch, brakes & more
8.1
Good
View full report
No immediate servicing required
(Inquire at test drive for more details)"
2022 Maruti Suzuki Brezza Zxi Plus Dual Tone,"₹ 7,12,000","Car Overview
Make Year
May 2022
Registration Year
Dec 2022
Fuel Type
Petrol (BSVI)
Km driven
123K km
Transmission
Manual (Regular)
No. of Owner
1st Owner
Insurance Validity
Apr 2027
Insurance Type
Third Party
RTO
TS02
Car Location
Uppal, Hyderabad","Quality report
1573 parts evaluated by 5 automotive experts
Meter not tampered
Non-flooded
Core structure intact
Core systems
Engine, transmission & chassis
9.6
Excellent
Supporting systems
Fuel supply, ignition & other systems
9.2
Excellent
Interiors & AC
Seats, AC, audio & other features
8.0
Good
Exteriors & lights
Panels, glasses, lights & fixtures
8.2
Good
Wear & tear parts
Tyres, clutch, brakes & more
8.1
Good
View full report
No immediate servicing required
(Inquire at test drive for more details)"
2024 Tata Punch Creative Dual Tone AMT Sunroof,"₹ 7,07,200","Car Overview
Make Year
Apr 2024
Registration Year
May 2024
Fuel Type
Petrol
Km driven
19K km
Transmission
Automatic (AMT)
No. of Owner
1st Owner
Insurance Validity
Apr 2027
Insurance Type
Third Party
RTO
TG07
Car Location
Uppal, Hyderabad","Quality report
1452 parts evaluated by 5 automotive experts
Meter not tampered
Non-flooded
Core structure intact
Core systems
Engine, transmission & chassis
9.9
Excellent
Supporting systems
Fuel supply, ignition & other systems
9.8
Excellent
Interiors & AC
Seats, AC, audio & other features
9.2
Excellent
Exteriors & lights
Panels, glasses, lights & fixtures
9.2
Excellent
Wear & tear parts
Tyres, clutch, brakes & more
8.8
Good
View full report
Next service due after 12 months or 15,000 km
(whichever comes first post delivery)"
2023 Mahindra XUV700 AX 7 Diesel MT Luxury Pack 7 STR*,"₹ 15,05,600","Car Overview
*Note:   Make & registration years are different.
Make Year
Nov 2022
Registration Year
Jan 2023
Fuel Type
Diesel (BSVI)
Km driven
54K km
Transmission
Manual (Regular)
No. of Owner
1st Owner
Insurance Validity
Nov 2026
Insurance Type
Comprehensive
RTO
AP39
Car Location
Kukatpally, Hyderabad","Quality report
1576 parts evaluated by 5 automotive experts
Meter not tampered
Non-flooded
Core structure intact
Core systems
Engine, transmission & chassis
9.8
Excellent
Supporting systems
Fuel supply, ignition & other systems
9.6
Excellent
Interiors & AC
Seats, AC, audio & other features
9.0
Excellent
Exteriors & lights
Panels, glasses, lights & fixtures
9.0
Excellent
Wear & tear parts
Tyres, clutch, brakes & more
8.4
Good
View full report
No immediate servicing required
(Inquire at test drive for more details)"
2022 Skoda Kushaq Style 1.5L TSI DSG*,"₹ 10,11,200","Car Overview
*Note:   Make & registration years are different.
Make Year
Oct 2021
Registration Year
Feb 2022
Fuel Type
Petrol (BSVI)
Km driven
60K km
Transmission
Automatic (DCT)
No. of Owner
1st Owner
Insurance Validity
Jan 2027
Insurance Type
Comprehensive
RTO
TS09
Car Location
Kukatpally, Hyderabad","Quality report
1452 parts evaluated by 5 automotive experts
Meter not tampered
Non-flooded
Core structure intact
Core systems
Engine, transmission & chassis
9.8
Excellent
Supporting systems
Fuel supply, ignition & other systems
9.6
Excellent
Interiors & AC
Seats, AC, audio & other features
8.1
Good
Exteriors & lights
Panels, glasses, lights & fixtures
9.1
Excellent
Wear & tear parts
Tyres, clutch, brakes & more
8.2
Good
View full report
Next service due after 12 months or 15,000 km
(whichever comes first post delivery)"
2014 Ford EcoSport Titanium 1.5 TDCi (Opt),"₹ 3,87,200","Car Overview
Make Year
Jun 2014
Registration Year
Jul 2014
Fuel Type
Diesel (BSIV)
Km driven
94K km
Transmission
Manual (Regular)
No. of Owner
2nd Owner
Insurance Validity
Apr 2027
Insurance Type
Third Party
RTO
TS07
Car Location
Kukatpally, Hyderabad","Quality report
1576 parts evaluated by 5 automotive experts
Meter not tampered
Non-flooded
Core structure intact
Core systems
Engine, transmission & chassis
9.4
Excellent
Supporting systems
Fuel supply, ignition & other systems
8.9
Good
Interiors & AC
Seats, AC, audio & other features
8.0
Good
Exteriors & lights
Panels, glasses, lights & fixtures
7.7
Fair
Imperfections on glasses & mirrors but no impact on visibility
Comes with ₹11,000 lower price tag because of it
Wear & tear parts
Tyres, clutch, brakes & more
7.6
Fair
Few components have experienced wear and tear
Comes with ₹25,000 lower price tag because of it
View full report
Next service due after 12 months or 10,000 km
(whichever comes first post delivery)"
2020 Hyundai Creta SX (O) 1.4 Turbo 7 DCT,"₹ 8,84,000","Car Overview
Make Year
Sep 2020
Registration Year
Dec 2020
Fuel Type
Petrol
Km driven
92K km
Transmission
Automatic (DCT)
No. of Owner
1st Owner
Insurance Validity
Apr 2027
Insurance Type
Third Party
RTO
TS07
Car Location
Kukatpally, Hyderabad","Quality report
1452 parts evaluated by 5 automotive experts
Meter not tampered
Non-flooded
Core structure intact
Core systems
Engine, transmission & chassis
9.6
Excellent
Supporting systems
Fuel supply, ignition & other systems
9.1
Excellent
Interiors & AC
Seats, AC, audio & other features
8.9
Good
Exteriors & lights
Panels, glasses, lights & fixtures
8.6
Good
Wear & tear parts
Tyres, clutch, brakes & more
8.2
Good
View full report
No immediate servicing required
(Inquire at test drive for more details)"
2015 Hyundai Creta 1.6 SX Plus Petrol,"₹ 5,16,000","Car Overview
Make Year
Aug 2015
Registration Year
Nov 2015
Fuel Type
Petrol
Km driven
104K km
Transmission
Manual (Regular)
No. of Owner
1st Owner
Insurance Validity
Oct 2026
Insurance Type
Comprehensive
RTO
TS07
Car Location
Uppal, Hyderabad","Quality report
1573 parts evaluated by 5 automotive experts
Meter not tampered
Non-flooded
Core structure intact
Core systems
Engine, transmission & chassis
9.6
Excellent
Supporting systems
Fuel supply, ignition & other systems
9.2
Excellent
Interiors & AC
Seats, AC, audio & other features
7.4
Fair
Few flaws in ac, cooling remains reliable
Comes with ₹16,000 lower price tag because of it
Exteriors & lights
Panels, glasses, lights & fixtures
8.2
Good
Wear & tear parts
Tyres, clutch, brakes & more
8.8
Good
View full report
No immediate servicing required
(Inquire at test drive for more details)"
2019 Ford EcoSport Titanium 1.5L Ti-VCT,"₹ 5,57,600","Car Overview
Make Year
May 2019
Registration Year
Nov 2019
Fuel Type
Petrol (BSIV)
Km driven
41K km
Transmission
Manual (Regular)
No. of Owner
1st Owner
Insurance Validity
Oct 2026
Insurance Type
Comprehensive
RTO
TS07
Car Location
Kukatpally, Hyderabad","Quality report
1573 parts evaluated by 5 automotive experts
Meter not tampered
Non-flooded
Core structure intact
Core systems
Engine, transmission & chassis
9.8
Excellent
Supporting systems
Fuel supply, ignition & other systems
9.7
Excellent
Interiors & AC
Seats, AC, audio & other features
9.3
Excellent
Exteriors & lights
Panels, glasses, lights & fixtures
8.6
Good
Wear & tear parts
Tyres, clutch, brakes & more
8.7
Good
View full report
Next service due after 12 months or 10,000 km
(whichever comes first post delivery)"
2023 Hyundai Venue SX (O) 1.0 Turbo DCT,"₹ 8,39,176","Car Overview
Make Year
May 2023
Registration Year
Jun 2023
Fuel Type
Petrol (BSVI)
Km driven
55K km
Transmission
Automatic (DCT)
No. of Owner
1st Owner
Insurance Validity
Apr 2027
Insurance Type
Third Party
RTO
TS04
Car Location
Kukatpally, Hyderabad","Quality report
1452 parts evaluated by 5 automotive experts
Meter not tampered
Non-flooded
Core structure intact
Core systems
Engine, transmission & chassis
9.7
Excellent
Supporting systems
Fuel supply, ignition & other systems
9.6
Excellent
Interiors & AC
Seats, AC, audio & other features
9.4
Excellent
Exteriors & lights
Panels, glasses, lights & fixtures
9.0
Excellent
Wear & tear parts
Tyres, clutch, brakes & more
7.5
Fair
Few components have experienced wear and tear
Comes with ₹50,000 lower price tag because of it
View full report
Next service due after 12 months or 10,000 km
(whichever comes first post delivery)"
2016 Hyundai Creta 1.6 SX (O),"₹ 6,07,200","Car Overview
Make Year
Jun 2016
Registration Year
Aug 2016
Fuel Type
Diesel (BSIV)
Km driven
107K km
Transmission
Manual (Regular)
No. of Owner
2nd Owner
Insurance Validity
Aug 2026
Insurance Type
Comprehensive
RTO
AP31
Car Location
Kukatpally, Hyderabad","Quality report
1576 parts evaluated by 5 automotive experts
Meter not tampered
Non-flooded
Core structure intact
Core systems
Engine, transmission & chassis
9.4
Excellent
Supporting systems
Fuel supply, ignition & other systems
8.9
Good
Interiors & AC
Seats, AC, audio & other features
7.1
Fair
Few flaws in audio & infotainment, functionality remains good
Comes with ₹23,000 lower price tag because of it
Exteriors & lights
Panels, glasses, lights & fixtures
7.4
Fair
Imperfections on glasses & mirrors but no impact on visibility
Comes with ₹18,000 lower price tag because of it
Wear & tear parts
Tyres, clutch, brakes & more
8.6
Good
View full report
No immediate servicing required
(Inquire at test drive for more details)"
2023 Hyundai Alcazar Signature 6 STR 1.5 Diesel*,"₹ 11,71,964","Car Overview
*Note:   Make & registration years are different.
Make Year
May 2022
Registration Year
Mar 2023
Fuel Type
Diesel (BSVI)
Km driven
82K km
Transmission
Manual (Regular)
No. of Owner
1st Owner
Insurance Validity
Apr 2027
Insurance Type
Third Party
RTO
TS07
Car Location
Kukatpally, Hyderabad","Quality report
1576 parts evaluated by 5 automotive experts
Meter not tampered
Non-flooded
Core structure intact
Core systems
Engine, transmission & chassis
9.7
Excellent
Supporting systems
Fuel supply, ignition & other systems
9.5
Excellent
Interiors & AC
Seats, AC, audio & other features
9.0
Excellent
Exteriors & lights
Panels, glasses, lights & fixtures
8.5
Good
Wear & tear parts
Tyres, clutch, brakes & more
8.9
Good
View full report
No immediate servicing required
(Inquire at test drive for more details)"
2023 Maruti Suzuki Brezza ZXi Plus,"₹ 8,39,200","Car Overview
Make Year
Jul 2023
Registration Year
Sep 2023
Fuel Type
Petrol (BSIV)
Km driven
36K km
Transmission
Manual (Regular)
No. of Owner
1st Owner
Insurance Validity
Apr 2027
Insurance Type
Third Party
RTO
TS07
Car Location
Kukatpally, Hyderabad","Quality report
1573 parts evaluated by 5 automotive experts
Meter not tampered
Non-flooded
Core structure intact
Core systems
Engine, transmission & chassis
9.9
Excellent
Supporting systems
Fuel supply, ignition & other systems
9.8
Excellent
Interiors & AC
Seats, AC, audio & other features
9.5
Excellent
Exteriors & lights
Panels, glasses, lights & fixtures
9.4
Excellent
Wear & tear parts
Tyres, clutch, brakes & more
8.8
Good
View full report
No immediate servicing required
(Inquire at test drive for more details)"
2023 Mahindra Thar LX Hard Top Diesel AT 4WD*,"₹ 10,15,922","Car Overview
*Note:   Make & registration years are different.
Make Year
Oct 2022
Registration Year
Jan 2023
Fuel Type
Diesel (BSVI)
Km driven
67K km
Transmission
Automatic (Torque Convertor)
No. of Owner
1st Owner
Insurance Validity
Apr 2027
Insurance Type
Third Party
RTO
TS07
Car Location
Kukatpally, Hyderabad","Quality report
1432 parts evaluated by 5 automotive experts
Meter not tampered
Non-flooded
Core structure intact
Core systems
Engine, transmission & chassis
9.5
Excellent
Supporting systems
Fuel supply, ignition & other systems
9.2
Excellent
Interiors & AC
Seats, AC, audio & other features
8.4
Good
Exteriors & lights
Panels, glasses, lights & fixtures
9.0
Excellent
Wear & tear parts
Tyres, clutch, brakes & more
7.9
Fair
Few components have experienced wear and tear
Comes with ₹47,000 lower price tag because of it
View full report
No immediate servicing required
(Inquire at test drive for more details)"
2023 Mahindra XUV 300 W6 1.2 Petrol AMT,Save ~₹4 lakhs on this 3 years old car compared to buying new car of same variant,"Car Overview
Make Year
Jul 2023
Registration Year
Oct 2023
Fuel Type
Petrol (BSVI)
Km driven
14K km
Transmission
Automatic (AMT)
No. of Owner
1st Owner
Insurance Validity
Apr 2027
Insurance Type
Third Party
RTO
AP40
Car Location
Kukatpally, Hyderabad","Quality report
1452 parts evaluated by 5 automotive experts
Meter not tampered
Non-flooded
Core structure intact
Core systems
Engine, transmission & chassis
9.9
Excellent
Supporting systems
Fuel supply, ignition & other systems
9.7
Excellent
Interiors & AC
Seats, AC, audio & other features
9.4
Excellent
Exteriors & lights
Panels, glasses, lights & fixtures
9.2
Excellent
Wear & tear parts
Tyres, clutch, brakes & more
9.0
Excellent
View full report
No immediate servicing required
(Inquire at test drive for more details)"
2025 Tata Punch Creative Plus AMT*,"₹ 6,80,000","Car Overview
*Note:   Make & registration years are different.
Make Year
Dec 2024
Registration Year
Feb 2025
Fuel Type
Petrol
Km driven
10K km
Transmission
Automatic (AMT)
No. of Owner
1st Owner
Insurance Validity
Apr 2027
Insurance Type
Third Party
RTO
TG22
Car Location
Kukatpally, Hyderabad","Quality report
1452 parts evaluated by 5 automotive experts
Meter not tampered
Non-flooded
Core structure intact
Core systems
Engine, transmission & chassis
9.9
Excellent
Supporting systems
Fuel supply, ignition & other systems
9.9
Excellent
Interiors & AC
Seats, AC, audio & other features
8.1
Good
Exteriors & lights
Panels, glasses, lights & fixtures
9.8
Excellent
Wear & tear parts
Tyres, clutch, brakes & more
9.3
Excellent
View full report
Next service due after 12 months or 15,000 km
(whichever comes first post delivery)"
2018 Honda BR-V S Diesel,"₹ 5,30,400","Car Overview
Make Year
Jan 2018
Registration Year
Apr 2018
Fuel Type
Diesel (BSIV)
Km driven
79K km
Transmission
Manual (Regular)
No. of Owner
2nd Owner
Insurance Validity
Apr 2027
Insurance Type
Third Party
RTO
TS08
Car Location
Uppal, Hyderabad","Quality report
1576 parts evaluated by 5 automotive experts
Meter not tampered
Non-flooded
Core structure intact
Core systems
Engine, transmission & chassis
9.6
Excellent
Supporting systems
Fuel supply, ignition & other systems
9.2
Excellent
Interiors & AC
Seats, AC, audio & other features
8.3
Good
Exteriors & lights
Panels, glasses, lights & fixtures
6.3
Average
Imperfections on body panels but no impact on build quality
Comes with ₹27,000 lower price tag because of it
Wear & tear parts
Tyres, clutch, brakes & more
8.2
Good
View full report
No immediate servicing required
(Inquire at test drive for more details)"
2019 Hyundai Creta SX 1.6 Petrol,"₹ 6,68,000","Car Overview
Make Year
Mar 2019
Registration Year
May 2019
Fuel Type
Petrol (BSIV)
Km driven
76K km
Transmission
Manual (Regular)
No. of Owner
1st Owner
Insurance Validity
Apr 2027
Insurance Type
Third Party
RTO
TS09
Car Location
Uppal, Hyderabad","Quality report
1573 parts evaluated by 5 automotive experts
Meter not tampered
Non-flooded
Core structure intact
Core systems
Engine, transmission & chassis
9.7
Excellent
Supporting systems
Fuel supply, ignition & other systems
9.5
Excellent
Interiors & AC
Seats, AC, audio & other features
8.7
Good
Exteriors & lights
Panels, glasses, lights & fixtures
8.4
Good
Wear & tear parts
Tyres, clutch, brakes & more
8.4
Good
View full report
No immediate servicing required
(Inquire at test drive for more details)"
2023 Maruti Suzuki Brezza Zxi Plus Dual Tone,"₹ 8,25,600","Car Overview
Make Year
Feb 2023
Registration Year
Mar 2023
Fuel Type
Petrol (BSVI)
Km driven
36K km
Transmission
Manual (Regular)
No. of Owner
1st Owner
Insurance Validity
Apr 2027
Insurance Type
Third Party
RTO
AP39
Car Location
Kukatpally, Hyderabad","Quality report
1573 parts evaluated by 5 automotive experts
Meter not tampered
Non-flooded
Core structure intact
Core systems
Engine, transmission & chassis
9.9
Excellent
Supporting systems
Fuel supply, ignition & other systems
9.8
Excellent
Interiors & AC
Seats, AC, audio & other features
9.4
Excellent
Exteriors & lights
Panels, glasses, lights & fixtures
8.9
Good
Wear & tear parts
Tyres, clutch, brakes & more
8.7
Good
View full report
No immediate servicing required
(Inquire at test drive for more details)"
2018 Tata Nexon XZA Plus AMT Petrol,"₹ 4,86,400","Car Overview
Make Year
Aug 2018
Registration Year
Sep 2018
Fuel Type
Petrol (BSIV)
Km driven
116K km
Transmission
Automatic (AMT)
No. of Owner
1st Owner
Insurance Validity
Apr 2027
Insurance Type
Third Party
RTO
TS15
Car Location
Uppal, Hyderabad","Quality report
1452 parts evaluated by 5 automotive experts
Meter not tampered
Non-flooded
Core structure intact
Core systems
Engine, transmission & chassis
9.4
Excellent
Supporting systems
Fuel supply, ignition & other systems
9.1
Excellent
Interiors & AC
Seats, AC, audio & other features
8.6
Good
Exteriors & lights
Panels, glasses, lights & fixtures
8.2
Good
Wear & tear parts
Tyres, clutch, brakes & more
7.2
Fair
Few components have experienced wear and tear
Comes with ₹32,000 lower price tag because of it
View full report
No immediate servicing required
(Inquire at test drive for more details)"
2025 Tata Curvv Creative Plus S 1.5 Kryojet Diesel 6MT*,"₹ 11,81,600","Car Overview
*Note:   Make & registration years are different.
Make Year
Aug 2024
Registration Year
Feb 2025
Fuel Type
Diesel (BSVI)
Km driven
19K km
Transmission
Manual (Regular)
No. of Owner
1st Owner
Insurance Validity
Apr 2027
Insurance Type
Third Party
RTO
TG08
Car Location
Kukatpally, Hyderabad","Quality report
1576 parts evaluated by 5 automotive experts
Meter not tampered
Non-flooded
Core structure intact
Core systems
Engine, transmission & chassis
9.9
Excellent
Supporting systems
Fuel supply, ignition & other systems
9.9
Excellent
Interiors & AC
Seats, AC, audio & other features
9.4
Excellent
Exteriors & lights
Panels, glasses, lights & fixtures
9.3
Excellent
Wear & tear parts
Tyres, clutch, brakes & more
9.3
Excellent
View full report
No immediate servicing required
(Inquire at test drive for more details)"
